client_id,idade,sexo,cidade,estado,perfil_investidor,saldo_inicial,saldo_6_meses,saldo_12_meses,logins_mes,tempo_app_min_mes,contato_assessor,ativos_carteira,assessor_principal,perfil_assessor,tempo_casa_assessor_anos,qtd_clientes_assessor,tempo_resposta_horas,dias_sem_login,abriu_email_marketing,clicou_oferta,lucro_12_meses,churn,variacao_saldo_12m_perc,score_engajamento,interacao_assessor,cliente_vip,risco_inativo,teve_lucro,churn_probability,risk_segment,processed_at
1,56,Masculino,Rio de Janeiro,MG,Conservador,132675.17,106974.94,133675.85,59,449,5,FIIs,Juliana Mendes,Agressivo,8.2,405,22.6,16,1,1,1000.679999999993,0,0.7542330641068656,1558.2941176470588,0.22123893805309733,0,0,1,0.00023747854,Baixo,2026-05-11T20:10:58.511270
2,69,Feminino,Porto Alegre,RJ,Conservador,97313.88,110279.95,82797.07,48,449,9,FIIs,Rafael Gomes,Moderado,3.7,120,30.7,47,1,0,-14516.81,1,-14.917512280879148,449.0,0.2931596091205212,0,1,0,0.99877554,Alto,2026-05-11T20:10:58.511270
3,46,Masculino,São Paulo,SP,Moderado,2057.38,1489.9,3009.92,28,330,4,Cripto,Bruno Martins,Conservador,4.2,312,14.7,38,0,1,952.54,0,46.29869056761512,236.92307692307693,0.272108843537415,0,1,1,0.011656317,Baixo,2026-05-11T20:10:58.511270
4,32,Feminino,Curitiba,RJ,Agressivo,161094.43,151952.92,117362.59,12,363,6,Renda Fixa,Patrícia Rocha,Agressivo,7.7,355,9.2,57,0,1,-43731.84,1,-27.146711403988334,75.10344827586206,0.6521739130434783,0,1,0,0.99631906,Alto,2026-05-11T20:10:58.511270
5,60,Masculino,Belo Horizonte,MG,Moderado,154789.11,156301.4,173649.64,20,149,5,Ações,Carlos Silva,Agressivo,1.2,95,29.8,21,1,0,18860.53000000003,0,12.184662086370308,135.45454545454547,0.16778523489932887,0,0,1,0.00010905507,Baixo,2026-05-11T20:10:58.511270
6,25,Masculino,Belo Horizonte,RS,Moderado,110135.41,115464.55,94088.16,57,279,9,"FIIs, Fundos",Lucas Oliveira,Conservador,8.7,273,11.6,34,1,1,-16047.25,1,-14.570472838844474,454.37142857142857,0.7758620689655172,0,1,0,0.99410844,Alto,2026-05-11T20:10:58.511270
7,38,Feminino,Rio de Janeiro,RJ,Conservador,14226.2,17947.24,12108.02,20,513,1,Cripto,Ana Souza,Conservador,4.6,377,4.3,29,0,0,-2118.18,0,-14.88928877704517,342.0,0.23255813953488372,0,0,0,0.0003926406,Baixo,2026-05-11T20:10:58.511270
8,56,Masculino,Belo Horizonte,RS,Conservador,153536.49,169404.55,148081.6,4,183,2,"Fundos, Ações",Carlos Silva,Agressivo,6.0,299,0.5,52,1,0,-5454.889999999985,1,-3.552829688890234,13.81132075471698,4.0,0,1,0,0.9859108,Alto,2026-05-11T20:10:58.511270
9,36,Masculino,Porto Alegre,RS,Agressivo,117159.0,115842.93,175611.22,9,481,1,FIIs,João Pereira,Conservador,7.7,125,29.4,50,1,1,58452.22,0,49.891361312404506,84.88235294117646,0.034013605442176874,0,1,1,0.0003735224,Baixo,2026-05-11T20:10:58.511270
10,40,Masculino,Porto Alegre,PR,Conservador,156610.04,185708.97,101713.47,5,418,2,FIIs,Bruno Martins,Conservador,3.0,123,17.7,39,0,0,-54896.57000000001,1,-35.05303363692392,52.25,0.11299435028248588,0,1,0,0.99772435,Alto,2026-05-11T20:10:58.511270
11,28,Masculino,Rio de Janeiro,RJ,Conservador,150597.65,191307.16,168772.92,55,157,0,Exterior,Carlos Silva,Comercial,9.0,191,36.2,36,0,0,18175.27000000002,1,12.068760701113211,233.3783783783784,0.0,0,1,1,0.78923,Alto,2026-05-11T20:10:58.511270
12,28,Masculino,Porto Alegre,RJ,Moderado,160797.41,114687.09,108428.1,50,108,7,"Renda Fixa, FIIs, Exterior",Ana Souza,Moderado,9.8,122,18.3,25,0,1,-52369.31,0,-32.568503435472,207.69230769230768,0.3825136612021858,0,0,0,0.0034888429,Baixo,2026-05-11T20:10:58.511270
13,41,Masculino,São Paulo,RS,Conservador,104083.61,134217.14,76924.94,56,79,5,"Ações, Exterior",Ana Souza,Agressivo,5.2,151,23.6,57,0,0,-27158.67,1,-26.093128399370464,76.27586206896552,0.211864406779661,0,1,0,0.9997651,Alto,2026-05-11T20:10:58.511270
14,70,Feminino,Rio de Janeiro,MG,Agressivo,28924.58,21742.01,28797.5,12,132,1,Cripto,Mariana Costa,Conservador,9.4,143,19.8,5,1,1,-127.0800000000017,0,-0.4393495082729006,264.0,0.050505050505050504,0,0,0,0.0001225393,Baixo,2026-05-11T20:10:58.511270
15,53,Masculino,São Paulo,PR,Moderado,134560.34,159942.74,142555.12,0,572,7,Exterior,João Pereira,Agressivo,0.5,118,31.4,33,1,1,7994.779999999999,1,5.941408887641039,0.0,0.2229299363057325,0,1,1,0.012935855,Baixo,2026-05-11T20:10:58.511270
16,57,Masculino,Curitiba,RS,Agressivo,124474.28,108068.68,103676.27,19,349,5,"FIIs, Fundos, Exterior",João Pereira,Moderado,9.0,114,17.4,55,1,1,-20798.00999999999,1,-16.708680700944804,118.41071428571429,0.2873563218390805,0,1,0,0.986081,Alto,2026-05-11T20:10:58.511270
17,41,Feminino,São Paulo,SP,Moderado,148708.38,115889.6,131578.87,56,535,6,Exterior,Juliana Mendes,Agressivo,3.5,242,46.3,31,1,1,-17129.51000000001,0,-11.51885993243959,936.25,0.12958963282937366,0,1,0,0.0017786828,Baixo,2026-05-11T20:10:58.511270
18,20,Feminino,Curitiba,SP,Conservador,34806.32,33550.28,23608.09,46,163,0,"Ações, FIIs, Fundos",Lucas Oliveira,Agressivo,3.5,490,45.0,24,0,0,-11198.23,0,-32.17297893026324,299.92,0.0,0,0,0,0.0007585862,Baixo,2026-05-11T20:10:58.511270
19,39,Feminino,Curitiba,PR,Moderado,39800.06,43237.75,34741.39,45,542,6,"FIIs, Cripto, Exterior",João Pereira,Agressivo,2.7,111,40.8,50,0,1,-5058.669999999998,1,-12.710206969537227,478.2352941176471,0.14705882352941177,0,1,0,0.98003525,Alto,2026-05-11T20:10:58.511270
20,70,Feminino,São Paulo,MG,Moderado,178191.49,165463.47,261924.13,7,430,2,Renda Fixa,Bruno Martins,Comercial,3.5,69,44.2,12,1,0,83732.64000000001,0,46.99025750331849,231.53846153846155,0.04524886877828054,1,0,1,0.0002678,Baixo,2026-05-11T20:10:58.511270
21,19,Feminino,Rio de Janeiro,RS,Conservador,150245.58,110090.83,217891.65,9,27,7,"Cripto, Ações, Exterior",Lucas Oliveira,Moderado,2.5,290,21.8,37,1,0,67646.07,0,45.02366725197508,6.394736842105263,0.3211009174311926,1,1,1,0.0005874377,Baixo,2026-05-11T20:10:58.511270
22,41,Feminino,Porto Alegre,RJ,Conservador,181737.47,192582.96,163816.42,8,51,5,"Renda Fixa, Fundos",Mariana Costa,Moderado,9.1,252,26.0,37,1,1,-17921.04999999999,1,-9.860954925805883,10.736842105263158,0.19230769230769232,0,1,0,0.9963148,Alto,2026-05-11T20:10:58.511270
23,61,Feminino,Porto Alegre,PR,Agressivo,151984.35,188679.75,169275.39,48,529,3,"Cripto, Renda Fixa, Fundos",João Pereira,Agressivo,9.0,459,35.7,1,0,1,17291.04000000001,0,11.376855577564406,12696.0,0.08403361344537814,0,0,1,0.0008501634,Baixo,2026-05-11T20:10:58.511270
24,47,Masculino,Curitiba,MG,Agressivo,119833.91,111437.05,170000.68,40,148,7,"Cripto, Renda Fixa, FIIs",Mariana Costa,Agressivo,1.5,349,33.6,57,0,1,50166.76999999999,0,41.863584356047454,102.06896551724138,0.20833333333333331,0,1,1,0.00017816781,Baixo,2026-05-11T20:10:58.511270
25,55,Masculino,Curitiba,RJ,Conservador,131172.41,108846.82,79433.48,2,589,8,"Fundos, Ações, Renda Fixa",Ana Souza,Moderado,1.9,244,42.8,55,0,0,-51738.93000000001,1,-39.44345461061515,21.035714285714285,0.1869158878504673,0,1,0,0.99866927,Alto,2026-05-11T20:10:58.511270
26,19,Feminino,Rio de Janeiro,SP,Conservador,177936.46,171805.91,236587.02,10,593,9,"Renda Fixa, FIIs, Cripto",Carlos Silva,Conservador,8.7,111,34.5,4,1,1,58650.56,0,32.96151896019512,1186.0,0.2608695652173913,1,0,1,0.0006645157,Baixo,2026-05-11T20:10:58.511270
27,38,Masculino,Belo Horizonte,SP,Conservador,116182.54,84699.12,168875.11,11,423,1,"Fundos, FIIs, Exterior",João Pereira,Comercial,4.3,156,47.9,10,1,0,52692.56999999999,0,45.35326048130812,423.0,0.020876826722338204,0,0,1,0.00015910278,Baixo,2026-05-11T20:10:58.511270
28,50,Masculino,São Paulo,RJ,Moderado,126845.87,151237.39,86533.39,9,89,5,"Renda Fixa, Exterior",Ana Souza,Moderado,2.1,174,17.1,10,1,1,-40312.48,0,-31.780679970108604,72.81818181818181,0.29239766081871343,0,0,0,0.0066345446,Baixo,2026-05-11T20:10:58.511270
29,29,Masculino,Curitiba,PR,Moderado,32138.87,38431.8,23953.19,24,420,4,"Cripto, Renda Fixa, Ações",Carlos Silva,Agressivo,5.4,350,40.1,23,0,1,-8185.68,0,-25.4697193771903,420.0,0.0997506234413965,0,0,0,0.00058320427,Baixo,2026-05-11T20:10:58.511270
30,39,Feminino,Porto Alegre,SP,Moderado,95310.32,100342.73,139598.33,48,486,4,"FIIs, Ações",Carlos Silva,Conservador,4.5,316,33.6,13,1,0,44288.00999999998,0,46.467171655703154,1666.2857142857142,0.11904761904761904,0,0,1,0.00019538666,Baixo,2026-05-11T20:10:58.511270
31,61,Feminino,Rio de Janeiro,RS,Conservador,143563.03,130909.63,155591.62,48,460,9,"Cripto, Ações",Ana Souza,Conservador,2.6,251,33.3,44,0,0,12028.59,0,8.37861251604957,490.6666666666667,0.2702702702702703,0,1,1,0.010589771,Baixo,2026-05-11T20:10:58.511270
32,42,Masculino,São Paulo,RJ,Agressivo,54917.6,64795.63,33652.24,24,301,2,FIIs,Rafael Gomes,Conservador,7.3,211,16.0,29,1,1,-21265.36,0,-38.722303960843156,240.8,0.125,0,0,0,0.0007985591,Baixo,2026-05-11T20:10:58.511270
33,66,Feminino,Rio de Janeiro,RJ,Conservador,41248.58,42602.04,34313.41,10,116,7,Exterior,Lucas Oliveira,Comercial,6.5,393,37.8,39,1,1,-6935.169999999998,1,-16.813112111980576,29.0,0.1851851851851852,0,1,0,0.994418,Alto,2026-05-11T20:10:58.511270
34,44,Masculino,São Paulo,SP,Moderado,63451.53,75860.07,63765.57,53,234,7,"Ações, FIIs",Rafael Gomes,Comercial,1.4,351,43.3,46,0,1,314.0400000000009,1,0.49492896388786983,263.8723404255319,0.16166281755196307,0,1,1,0.97441655,Alto,2026-05-11T20:10:58.511270
35,59,Masculino,São Paulo,PR,Moderado,49058.62,52928.13,60029.01,35,100,4,"Renda Fixa, Fundos",Patrícia Rocha,Moderado,9.3,161,10.9,43,0,0,10970.39,0,22.361799006983887,79.54545454545455,0.36697247706422015,0,1,1,0.0015815354,Baixo,2026-05-11T20:10:58.511270
36,45,Masculino,Curitiba,RS,Conservador,43767.61,51236.26,55140.38,38,382,7,"Renda Fixa, Cripto, Fundos",Fernanda Alves,Moderado,5.8,386,30.2,34,1,1,11372.77,0,25.98444374732821,414.74285714285713,0.2317880794701987,0,1,1,0.009293824,Baixo,2026-05-11T20:10:58.511270
37,33,Masculino,Rio de Janeiro,PR,Conservador,85545.32,90604.28,127965.48,52,160,9,"Cripto, FIIs, Ações",Carlos Silva,Moderado,2.9,81,19.1,20,0,1,42420.15999999999,0,49.58793771535367,396.1904761904762,0.47120418848167533,0,0,1,0.00043626243,Baixo,2026-05-11T20:10:58.511270
38,32,Feminino,Rio de Janeiro,MG,Moderado,181659.86,172301.59,156002.24,25,425,7,"Cripto, Ações, Fundos",Juliana Mendes,Moderado,2.5,147,47.5,54,0,0,-25657.62,1,-14.123989746551604,193.1818181818182,0.14736842105263157,0,1,0,0.96756786,Alto,2026-05-11T20:10:58.511270
39,64,Feminino,Porto Alegre,MG,Moderado,101904.87,129905.02,110505.45,13,109,2,"Ações, Fundos, Exterior",Lucas Oliveira,Agressivo,1.8,296,23.2,4,0,1,8600.580000000002,0,8.43981254281567,283.4,0.08620689655172414,0,0,1,0.0008865601,Baixo,2026-05-11T20:10:58.511270
40,68,Feminino,Porto Alegre,SP,Moderado,38396.16,39343.33,41467.51,38,334,1,"Fundos, Ações, Exterior",Carlos Silva,Comercial,4.5,310,11.3,37,0,0,3071.349999999999,0,7.999107202386901,334.0,0.08849557522123894,0,1,1,0.0044988026,Baixo,2026-05-11T20:10:58.511270
41,61,Masculino,Curitiba,SP,Conservador,16317.36,17346.23,15747.57,55,443,8,"Fundos, Exterior, Ações",Bruno Martins,Conservador,1.8,240,18.6,1,0,0,-569.7900000000009,0,-3.4919251643648295,12182.5,0.4301075268817204,0,0,0,0.00106428,Baixo,2026-05-11T20:10:58.511270
42,72,Feminino,Curitiba,SP,Moderado,139535.07,116134.0,104964.66,39,136,1,"FIIs, Renda Fixa, Exterior",Juliana Mendes,Agressivo,4.5,78,31.6,39,1,1,-34570.41,1,-24.775427424804388,132.6,0.03164556962025316,0,1,0,0.98392594,Alto,2026-05-11T20:10:58.511270
43,69,Masculino,Belo Horizonte,MG,Moderado,77176.95,82995.36,114199.57,0,386,8,"Exterior, Fundos, Renda Fixa",Patrícia Rocha,Moderado,1.9,97,4.1,36,1,1,37022.62000000001,0,47.971084630838625,0.0,1.9512195121951221,0,1,1,0.0006082823,Baixo,2026-05-11T20:10:58.511270
44,74,Feminino,Porto Alegre,PR,Agressivo,164544.36,171613.94,225094.29,55,142,3,"Cripto, Ações",Patrícia Rocha,Moderado,6.7,299,29.2,53,1,0,60549.93000000002,0,36.79854478148022,144.62962962962962,0.10273972602739727,1,1,1,0.0006991629,Baixo,2026-05-11T20:10:58.511270
45,20,Masculino,São Paulo,PR,Conservador,132242.64,107235.96,138656.37,53,274,1,"Exterior, Fundos",Bruno Martins,Agressivo,8.0,275,44.7,48,1,0,6413.729999999981,0,4.84997123469403,296.3673469387755,0.022371364653243846,0,1,1,0.006814799,Baixo,2026-05-11T20:10:58.511270
46,54,Masculino,Rio de Janeiro,SP,Agressivo,159452.05,117317.21,182241.08,3,554,9,"Cripto, Fundos",Ana Souza,Conservador,5.7,321,40.9,57,0,1,22789.03,0,14.29208969091335,28.655172413793103,0.22004889975550124,0,1,1,0.003255139,Baixo,2026-05-11T20:10:58.511270
47,68,Masculino,Curitiba,RS,Agressivo,55117.26,58568.46,44343.76,29,400,0,"Fundos, Renda Fixa, FIIs",Lucas Oliveira,Comercial,7.0,202,3.7,33,1,0,-10773.5,1,-19.54650866171504,341.1764705882353,0.0,0,1,0,0.74312085,Alto,2026-05-11T20:10:58.511270
48,24,Feminino,Rio de Janeiro,PR,Moderado,138779.43,160736.47,151187.47,11,561,3,"Cripto, Renda Fixa",Mariana Costa,Comercial,9.4,377,47.7,10,0,0,12408.04000000001,0,8.94083510791189,561.0,0.06289308176100629,0,0,1,0.00017246381,Baixo,2026-05-11T20:10:58.511270
49,38,Feminino,Rio de Janeiro,MG,Conservador,53548.33,54300.19,65622.04,55,468,8,"Fundos, FIIs, Ações",Lucas Oliveira,Conservador,6.6,334,33.7,35,1,1,12073.70999999999,0,22.547313800449036,715.0,0.2373887240356083,0,1,1,0.013495095,Baixo,2026-05-11T20:10:58.511270
50,26,Feminino,Belo Horizonte,RJ,Moderado,187874.63,157075.13,199832.91,34,454,8,"Cripto, Ações",Juliana Mendes,Comercial,4.0,229,8.2,10,1,0,11958.28,0,6.365031830002804,1403.2727272727273,0.9756097560975611,1,0,1,0.00033169074,Baixo,2026-05-11T20:10:58.511270
51,56,Feminino,Porto Alegre,RJ,Conservador,127638.48,140391.25,190341.73,12,335,3,"Renda Fixa, FIIs, Fundos",Rafael Gomes,Moderado,4.8,351,1.1,8,0,0,62703.25000000001,0,49.125663357946614,446.6666666666667,2.727272727272727,1,0,1,6.223046e-05,Baixo,2026-05-11T20:10:58.511270
52,35,Masculino,Curitiba,RJ,Agressivo,65577.85,49056.39,75428.13,51,257,8,Renda Fixa,Mariana Costa,Moderado,8.7,202,8.6,5,1,0,9850.279999999999,0,15.020742522055844,2184.5,0.9302325581395349,0,0,1,0.0005084179,Baixo,2026-05-11T20:10:58.511270
53,21,Feminino,Rio de Janeiro,RS,Conservador,54632.86,52726.19,51020.34,30,289,5,"Exterior, Fundos, Renda Fixa",Patrícia Rocha,Moderado,1.7,283,40.3,55,1,0,-3612.520000000004,1,-6.612357471309399,154.82142857142858,0.12406947890818859,0,1,0,0.98847467,Alto,2026-05-11T20:10:58.511270
54,42,Feminino,Curitiba,SP,Moderado,38994.39,31118.31,50495.27,37,278,0,Fundos,Patrícia Rocha,Moderado,3.6,72,1.5,33,1,0,11500.88,0,29.493678449643646,302.52941176470586,0.0,0,1,1,0.0006446636,Baixo,2026-05-11T20:10:58.511270
55,31,Masculino,São Paulo,MG,Moderado,139233.55,112873.22,104900.82,42,24,9,"Exterior, Renda Fixa, Ações",Ana Souza,Conservador,6.0,467,11.6,57,1,0,-34332.72999999998,1,-24.65837436451199,17.379310344827587,0.7758620689655172,0,1,0,0.9923724,Alto,2026-05-11T20:10:58.511270
56,67,Masculino,Belo Horizonte,RS,Moderado,44524.41,36571.3,42122.95,22,243,5,"Exterior, Fundos",Fernanda Alves,Comercial,6.9,143,36.5,46,1,1,-2401.460000000006,0,-5.393580734702619,113.74468085106383,0.136986301369863,0,1,0,0.027844759,Baixo,2026-05-11T20:10:58.511270
57,26,Masculino,São Paulo,MG,Conservador,119465.35,111344.6,108983.83,3,274,8,Ações,Lucas Oliveira,Comercial,7.8,419,28.3,36,1,1,-10481.52,1,-8.773690446644157,22.216216216216218,0.2826855123674912,0,1,0,0.9984616,Alto,2026-05-11T20:10:58.511270
58,43,Feminino,Curitiba,MG,Agressivo,53662.37,39210.56,53052.03,51,422,1,"Cripto, Exterior",Ana Souza,Agressivo,3.5,294,37.7,31,1,1,-610.3400000000038,0,-1.137370563394803,672.5625,0.02652519893899204,0,1,0,0.0034314834,Baixo,2026-05-11T20:10:58.511270
59,70,Masculino,Curitiba,SP,Agressivo,132731.82,124592.18,173029.45,15,314,5,"FIIs, Cripto, Exterior",Juliana Mendes,Conservador,1.9,339,35.9,59,0,1,40297.63,0,30.36018793383531,78.5,0.1392757660167131,0,1,1,0.00030866955,Baixo,2026-05-11T20:10:58.511270
60,19,Masculino,Porto Alegre,RJ,Conservador,163173.01,164319.21,169007.38,6,35,1,"Renda Fixa, Ações",Mariana Costa,Comercial,9.6,209,2.9,11,1,0,5834.369999999995,0,3.575572945550245,17.5,0.3448275862068966,0,0,1,0.0011459067,Baixo,2026-05-11T20:10:58.511270
61,37,Masculino,Rio de Janeiro,SP,Moderado,155827.02,154265.1,204852.23,21,108,3,"Fundos, Ações",Bruno Martins,Comercial,1.2,422,42.9,44,1,1,49025.21000000002,0,31.46130241083993,50.4,0.06993006993006994,1,1,1,0.0007069683,Baixo,2026-05-11T20:10:58.511270
62,45,Feminino,Rio de Janeiro,RS,Agressivo,152409.41,141690.53,170521.75,28,190,7,"Cripto, Exterior",Carlos Silva,Agressivo,1.4,334,11.3,31,1,0,18112.34,0,11.884003750162144,166.25,0.6194690265486725,0,1,1,0.003297993,Baixo,2026-05-11T20:10:58.511270
63,64,Masculino,São Paulo,RS,Moderado,38356.76,46161.9,34822.66,10,132,6,"FIIs, Exterior",Rafael Gomes,Moderado,5.2,58,26.8,16,1,1,-3534.099999999999,0,-9.213760494890597,77.6470588235294,0.22388059701492538,0,0,0,0.0008794356,Baixo,2026-05-11T20:10:58.511270
64,24,Feminino,Belo Horizonte,RS,Conservador,18588.6,14632.87,24703.89,55,214,8,FIIs,Juliana Mendes,Comercial,8.3,499,31.1,3,1,0,6115.290000000001,0,32.89806655692199,2942.5,0.2572347266881029,0,0,1,0.0004085429,Baixo,2026-05-11T20:10:58.511270
65,61,Feminino,Rio de Janeiro,SP,Moderado,140090.82,140569.66,114098.47,32,418,6,"Ações, FIIs, Exterior",Carlos Silva,Moderado,7.9,234,8.5,41,1,1,-25992.35000000001,1,-18.553928087507806,318.4761904761905,0.7058823529411765,0,1,0,0.997917,Alto,2026-05-11T20:10:58.511270
66,25,Masculino,Porto Alegre,MG,Agressivo,74301.1,54776.62,59585.37,57,285,0,Cripto,Lucas Oliveira,Agressivo,9.4,344,46.9,32,0,0,-14715.73,0,-19.80553450756449,492.27272727272725,0.0,0,1,0,0.020695101,Baixo,2026-05-11T20:10:58.511270
67,64,Masculino,São Paulo,MG,Agressivo,87036.9,64641.73,91741.47,28,257,1,"Renda Fixa, Ações",Bruno Martins,Comercial,1.8,184,23.7,42,1,1,4704.570000000007,0,5.405259148705902,167.34883720930233,0.04219409282700422,0,1,1,0.015656658,Baixo,2026-05-11T20:10:58.511270
68,52,Feminino,São Paulo,PR,Moderado,7198.67,7517.71,6009.19,58,23,5,FIIs,Patrícia Rocha,Moderado,4.1,159,3.2,47,1,1,-1189.48,1,-16.523607833113623,27.791666666666668,1.5625,0,1,0,0.9883731,Alto,2026-05-11T20:10:58.511270
69,31,Masculino,Porto Alegre,RS,Conservador,52655.71,54741.46,32024.06,38,140,6,"Cripto, Ações",Ana Souza,Conservador,3.2,118,45.0,42,0,1,-20631.65,1,-39.18217036670856,123.72093023255815,0.13333333333333333,0,1,0,0.9973429,Alto,2026-05-11T20:10:58.511270
70,34,Masculino,Belo Horizonte,MG,Moderado,7701.6,9448.48,9114.6,11,227,2,Ações,Mariana Costa,Moderado,8.7,185,28.3,8,0,1,1413.0,0,18.346837020878777,277.44444444444446,0.0706713780918728,0,0,1,0.00021282585,Baixo,2026-05-11T20:10:58.511270
71,53,Feminino,Porto Alegre,PR,Conservador,175957.97,182067.97,186512.71,6,7,8,"Cripto, Renda Fixa, Fundos",Ana Souza,Moderado,5.1,145,33.7,33,1,1,10554.73999999999,0,5.998443832922141,1.2352941176470589,0.2373887240356083,1,1,1,0.27350715,Baixo,2026-05-11T20:10:58.511270
72,67,Feminino,Belo Horizonte,MG,Moderado,49435.94,63074.06,49483.7,58,240,6,"Ações, Fundos, FIIs",Mariana Costa,Moderado,0.8,168,25.4,38,1,0,47.75999999999476,1,0.09660987532551168,356.9230769230769,0.2362204724409449,0,1,1,0.96337414,Alto,2026-05-11T20:10:58.511270
73,57,Masculino,Porto Alegre,RS,Agressivo,111910.1,81606.74,164538.25,54,469,5,"Exterior, Renda Fixa",Fernanda Alves,Moderado,7.2,423,40.2,50,1,1,52628.14999999999,0,47.027167342357835,496.5882352941176,0.12437810945273631,0,1,1,0.00053512165,Baixo,2026-05-11T20:10:58.511270
74,21,Feminino,Porto Alegre,RJ,Conservador,8756.88,6644.76,9755.86,38,232,5,Exterior,Fernanda Alves,Conservador,4.2,323,2.1,29,0,0,998.9800000000014,0,11.407944382017355,293.8666666666667,2.380952380952381,0,0,1,0.0004792166,Baixo,2026-05-11T20:10:58.511270
75,19,Masculino,Curitiba,RS,Conservador,133702.63,97126.87,184120.34,41,503,0,Exterior,Ana Souza,Agressivo,5.5,407,13.2,49,0,1,50417.70999999999,0,37.70883938483483,412.46,0.0,1,1,1,0.00030631493,Baixo,2026-05-11T20:10:58.511270
76,23,Masculino,São Paulo,SP,Conservador,65282.44,52954.9,47362.75,47,525,4,"Ações, Fundos",Mariana Costa,Moderado,9.0,415,22.8,19,1,1,-17919.69,0,-27.44947952313057,1233.75,0.17543859649122806,0,0,0,0.0014972948,Baixo,2026-05-11T20:10:58.511270
77,71,Masculino,Porto Alegre,MG,Agressivo,179685.92,184135.31,199862.1,25,143,9,Cripto,Mariana Costa,Moderado,2.9,387,4.1,38,1,1,20176.17999999999,0,11.228581516014161,91.66666666666667,2.1951219512195124,1,1,1,0.4510954,Médio,2026-05-11T20:10:58.511270
78,59,Feminino,Porto Alegre,MG,Moderado,177735.52,193259.53,245485.04,39,280,2,"Fundos, Cripto, Ações",Carlos Silva,Comercial,2.8,226,34.0,22,0,0,67749.52000000002,0,38.118165687984046,474.7826086956522,0.058823529411764705,1,0,1,0.00026301504,Baixo,2026-05-11T20:10:58.511270
79,21,Masculino,Rio de Janeiro,SP,Agressivo,65732.83,47810.85,73935.97,8,295,6,"Renda Fixa, Ações, FIIs",Ana Souza,Comercial,3.0,410,19.2,40,0,1,8203.14,0,12.47951746486497,57.5609756097561,0.3125,0,1,1,0.007464751,Baixo,2026-05-11T20:10:58.511270
80,71,Masculino,São Paulo,SP,Conservador,180291.22,228534.0,224681.22,40,57,9,Fundos,João Pereira,Conservador,3.7,286,13.5,43,0,1,44390.0,1,24.621276621235356,51.81818181818182,0.6666666666666666,1,1,1,0.001452445,Baixo,2026-05-11T20:10:58.511270
81,46,Masculino,Rio de Janeiro,RJ,Moderado,199235.38,240138.25,186253.05,33,114,2,"Renda Fixa, Exterior",Lucas Oliveira,Conservador,1.5,321,0.7,34,0,0,-12982.33000000002,1,-6.516076612497246,107.48571428571428,2.857142857142857,1,1,0,0.9744382,Alto,2026-05-11T20:10:58.511270
82,35,Feminino,São Paulo,MG,Agressivo,165257.72,145090.91,112904.83,44,8,4,"Renda Fixa, Cripto, Ações",Patrícia Rocha,Conservador,7.1,326,34.7,22,1,0,-52352.89,0,-31.679542716673087,15.304347826086957,0.11527377521613832,0,0,0,0.0040683695,Baixo,2026-05-11T20:10:58.511270
83,43,Feminino,Rio de Janeiro,MG,Conservador,169129.4,126223.39,171177.6,12,51,6,Renda Fixa,Fernanda Alves,Comercial,2.5,187,40.1,53,0,0,2048.200000000012,0,1.211025404217133,11.333333333333334,0.14962593516209477,0,1,1,0.03099489,Baixo,2026-05-11T20:10:58.511270
84,61,Feminino,Porto Alegre,RJ,Conservador,50552.74,40539.87,48279.46,54,98,2,"Fundos, Renda Fixa, FIIs",João Pereira,Moderado,9.3,411,19.3,57,0,0,-2273.279999999999,0,-4.496848242053742,91.24137931034483,0.10362694300518134,0,1,0,0.016052704,Baixo,2026-05-11T20:10:58.511270
85,51,Feminino,Porto Alegre,PR,Agressivo,115763.78,89851.99,159795.02,54,564,9,"Cripto, Ações, FIIs",Fernanda Alves,Comercial,2.5,181,27.3,47,1,1,44031.23999999999,0,38.03542005971124,634.5,0.32967032967032966,0,1,1,0.0012952116,Baixo,2026-05-11T20:10:58.511270
86,27,Feminino,Curitiba,RJ,Agressivo,14383.93,11132.73,11789.01,35,217,1,"Ações, Exterior",Bruno Martins,Agressivo,2.9,93,11.3,38,0,0,-2594.92,0,-18.04041037463336,194.74358974358975,0.08849557522123894,0,1,0,0.025483105,Baixo,2026-05-11T20:10:58.511270
87,53,Masculino,Rio de Janeiro,RS,Agressivo,19888.67,20110.17,29237.55,24,440,5,"Ações, FIIs",Fernanda Alves,Conservador,3.3,172,30.1,22,1,0,9348.880000000001,0,47.00605922869655,459.1304347826087,0.16611295681063123,0,0,1,0.00041263876,Baixo,2026-05-11T20:10:58.511270
88,31,Feminino,Belo Horizonte,MG,Conservador,199779.63,169314.93,292142.61,23,512,7,Exterior,Juliana Mendes,Conservador,7.8,185,1.1,57,0,1,92362.97999999998,0,46.232431204322474,203.0344827586207,6.363636363636363,1,1,1,0.0006217382,Baixo,2026-05-11T20:10:58.511270
89,48,Feminino,Curitiba,SP,Agressivo,66001.21,60383.44,54310.32,43,209,3,"Ações, Exterior, Cripto",Fernanda Alves,Conservador,4.6,416,23.7,36,1,0,-11690.89000000001,1,-17.713144955978848,242.8918918918919,0.12658227848101267,0,1,0,0.97749466,Alto,2026-05-11T20:10:58.511270
90,65,Feminino,Rio de Janeiro,RS,Conservador,149888.6,193911.36,136885.28,16,385,8,"Cripto, Ações, FIIs",Carlos Silva,Agressivo,8.3,422,31.1,56,0,0,-13003.32000000001,1,-8.675322873120441,108.0701754385965,0.2572347266881029,0,1,0,0.9976788,Alto,2026-05-11T20:10:58.511270
91,32,Masculino,Rio de Janeiro,MG,Agressivo,161526.35,179389.31,227106.08,1,77,7,"Renda Fixa, Cripto, FIIs",João Pereira,Moderado,8.0,175,44.1,22,1,0,65579.72999999998,0,40.600019749099744,3.347826086956522,0.15873015873015872,1,0,1,0.0002900754,Baixo,2026-05-11T20:10:58.511270
92,25,Feminino,Curitiba,RJ,Conservador,171746.63,218013.18,252460.68,12,520,6,Exterior,Bruno Martins,Moderado,9.3,488,18.6,38,1,1,80714.04999999999,0,46.996002192299194,160.0,0.3225806451612903,1,1,1,0.0013579231,Baixo,2026-05-11T20:10:58.511270
93,31,Feminino,Porto Alegre,RS,Conservador,199528.03,156736.04,199347.5,30,80,6,Renda Fixa,Mariana Costa,Moderado,7.7,324,36.8,27,0,0,-180.5299999999988,0,-0.09047851572533384,85.71428571428571,0.16304347826086957,1,0,0,0.00024343959,Baixo,2026-05-11T20:10:58.511270
94,40,Masculino,Rio de Janeiro,MG,Moderado,49057.8,45588.61,43607.35,28,81,2,"FIIs, Fundos, Renda Fixa",Mariana Costa,Conservador,1.0,113,28.9,18,1,0,-5450.450000000004,0,-11.110261772847547,119.36842105263158,0.06920415224913495,0,0,0,0.00014766419,Baixo,2026-05-11T20:10:58.511270
95,74,Feminino,Porto Alegre,PR,Agressivo,9029.81,9326.34,9693.36,49,414,5,"Cripto, FIIs",Bruno Martins,Moderado,8.5,345,44.5,48,1,0,663.5500000000011,0,7.348438117745569,414.0,0.11235955056179775,0,1,1,0.03962413,Baixo,2026-05-11T20:10:58.511270
96,57,Masculino,Curitiba,PR,Agressivo,82827.11,61793.57,100965.61,27,110,4,Fundos,Rafael Gomes,Comercial,9.4,281,19.4,47,0,1,18138.5,0,21.899230819474443,61.875,0.2061855670103093,0,1,1,0.000119555596,Baixo,2026-05-11T20:10:58.511270
97,38,Masculino,Porto Alegre,SP,Conservador,26886.05,18887.79,22749.01,59,555,0,"Renda Fixa, FIIs, Ações",Ana Souza,Conservador,9.9,100,15.7,29,1,1,-4137.040000000001,0,-15.387310519767691,1091.5,0.0,0,0,0,0.0004460827,Baixo,2026-05-11T20:10:58.511270
98,33,Masculino,São Paulo,MG,Conservador,5462.75,6021.37,6898.5,26,480,2,"Ações, Cripto",Rafael Gomes,Agressivo,1.7,186,42.6,20,1,0,1435.75,0,26.282549997711772,594.2857142857143,0.046948356807511735,0,0,1,0.00037034898,Baixo,2026-05-11T20:10:58.511270
99,62,Masculino,Belo Horizonte,PR,Conservador,72724.94,78913.23,47016.06,14,279,0,"Renda Fixa, FIIs",João Pereira,Agressivo,6.3,207,2.8,23,0,1,-25708.88,0,-35.3508438783174,162.75,0.0,0,0,0,0.001403733,Baixo,2026-05-11T20:10:58.511270
100,35,Masculino,Rio de Janeiro,RJ,Moderado,156963.91,148562.15,101142.06,30,92,3,FIIs,Fernanda Alves,Moderado,2.4,105,7.0,20,0,0,-55821.85000000001,0,-35.56349354447147,131.42857142857142,0.42857142857142855,0,0,0,0.0020566138,Baixo,2026-05-11T20:10:58.511270
101,64,Feminino,Belo Horizonte,MG,Moderado,113669.96,112963.67,107720.35,39,81,9,"Renda Fixa, FIIs, Exterior",Mariana Costa,Conservador,3.0,130,4.4,25,1,1,-5949.610000000001,0,-5.234109346040062,121.5,2.0454545454545454,0,0,0,0.005757563,Baixo,2026-05-11T20:10:58.511270
102,70,Masculino,Porto Alegre,RJ,Conservador,63242.82,60034.25,58064.87,14,81,2,"Exterior, Cripto, Fundos",Carlos Silva,Comercial,7.6,281,40.5,50,1,1,-5177.949999999997,1,-8.187411630284666,22.235294117647058,0.04938271604938271,0,1,0,0.80770665,Alto,2026-05-11T20:10:58.511270
103,41,Masculino,Rio de Janeiro,RJ,Agressivo,131214.06,93739.72,116002.4,32,446,3,Fundos,Rafael Gomes,Comercial,9.8,477,1.0,56,1,0,-15211.66,0,-11.593010688031454,250.3859649122807,3.0,0,1,0,0.036034245,Baixo,2026-05-11T20:10:58.511270
104,43,Feminino,Porto Alegre,PR,Agressivo,47171.62,42512.15,49148.95,19,544,8,"Renda Fixa, Cripto, Ações",Fernanda Alves,Conservador,6.2,492,41.4,49,1,0,1977.329999999994,0,4.19177887043098,206.72,0.1932367149758454,0,1,1,0.014261936,Baixo,2026-05-11T20:10:58.511270
105,42,Masculino,São Paulo,MG,Moderado,3861.91,3113.66,3431.93,41,249,2,Exterior,Patrícia Rocha,Moderado,8.6,448,21.9,50,1,0,-429.98,0,-11.133868992286201,200.1764705882353,0.09132420091324202,0,1,0,0.038010586,Baixo,2026-05-11T20:10:58.511270
106,62,Feminino,Curitiba,RS,Moderado,153106.32,116216.04,118356.1,11,582,5,"Ações, FIIs",Ana Souza,Agressivo,0.6,375,0.7,59,0,1,-34750.22,0,-22.696790047595684,106.7,7.142857142857143,0,1,0,0.03404019,Baixo,2026-05-11T20:10:58.511270
107,58,Feminino,Rio de Janeiro,PR,Conservador,125124.87,159413.12,109925.03,36,386,5,Renda Fixa,Bruno Martins,Agressivo,0.8,177,19.6,35,1,0,-15199.84,1,-12.14773689674962,386.0,0.25510204081632654,0,1,0,0.9984648,Alto,2026-05-11T20:10:58.511270
108,46,Feminino,São Paulo,PR,Agressivo,152698.22,161801.45,225598.46,8,574,6,"Cripto, Ações",Fernanda Alves,Comercial,6.2,175,9.4,25,0,1,72900.23999999999,0,47.74138166116146,176.6153846153846,0.6382978723404255,1,0,1,0.0002536519,Baixo,2026-05-11T20:10:58.511270
109,32,Masculino,São Paulo,MG,Conservador,8748.67,9948.93,8486.23,22,146,8,Renda Fixa,Ana Souza,Comercial,4.2,366,30.2,32,0,1,-262.4400000000005,1,-2.999770250792412,97.33333333333333,0.26490066225165565,0,1,0,0.94133914,Alto,2026-05-11T20:10:58.511270
110,62,Masculino,Rio de Janeiro,MG,Moderado,167586.81,149021.25,167627.28,7,372,6,"Exterior, Ações",Ana Souza,Comercial,9.0,129,32.8,58,0,0,40.47000000000116,0,0.024148678526669947,44.13559322033898,0.1829268292682927,0,1,1,0.018153608,Baixo,2026-05-11T20:10:58.511270
111,18,Masculino,Porto Alegre,RJ,Agressivo,124285.71,116317.54,139062.1,31,88,0,Fundos,Mariana Costa,Agressivo,3.4,426,23.7,35,0,1,14776.39,0,11.88904983525459,75.77777777777777,0.0,0,1,1,0.005937139,Baixo,2026-05-11T20:10:58.511270
112,42,Feminino,São Paulo,MG,Agressivo,113115.67,95260.86,167977.53,47,147,7,Cripto,Mariana Costa,Comercial,4.6,406,2.4,3,1,1,54861.86,0,48.500671922820246,1727.25,2.916666666666667,0,0,1,0.00015226645,Baixo,2026-05-11T20:10:58.511270
113,24,Masculino,Belo Horizonte,RJ,Moderado,125298.2,94998.51,102423.9,13,356,4,"Cripto, FIIs",João Pereira,Agressivo,5.5,456,31.7,8,1,0,-22874.3,0,-18.255888751793723,514.2222222222222,0.12618296529968454,0,0,0,0.00018580045,Baixo,2026-05-11T20:10:58.511270
114,26,Masculino,São Paulo,PR,Conservador,173022.22,139701.42,209902.58,26,549,8,FIIs,Patrícia Rocha,Agressivo,3.1,382,40.5,7,1,1,36880.35999999999,0,21.315389433796415,1784.25,0.19753086419753085,1,0,1,0.00025282495,Baixo,2026-05-11T20:10:58.511270
115,41,Masculino,Porto Alegre,SP,Conservador,117800.36,138828.72,146589.15,24,156,9,"FIIs, Exterior",Bruno Martins,Moderado,9.1,224,34.7,1,0,1,28788.78999999999,0,24.43862650334854,1872.0,0.25936599423631124,0,0,1,0.0006018396,Baixo,2026-05-11T20:10:58.511270
116,18,Feminino,Porto Alegre,RS,Agressivo,116609.13,129031.21,133703.09,12,162,4,Ações,Ana Souza,Moderado,4.9,194,39.9,28,0,0,17093.95999999999,0,14.659195210529392,67.03448275862068,0.10025062656641605,0,0,1,0.00068632315,Baixo,2026-05-11T20:10:58.511270
117,61,Feminino,Belo Horizonte,PR,Moderado,198145.15,203724.39,134683.32,54,450,4,"Fundos, Renda Fixa, Exterior",João Pereira,Moderado,4.5,490,10.0,22,1,0,-63461.82999999999,0,-32.027950217302816,1056.5217391304348,0.4,0,0,0,0.0027798684,Baixo,2026-05-11T20:10:58.511270
118,25,Masculino,São Paulo,MG,Agressivo,151589.3,149323.63,183299.52,20,307,1,Exterior,Juliana Mendes,Comercial,8.6,175,42.7,5,0,0,31710.22,0,20.918508100505775,1023.3333333333334,0.023419203747072598,1,0,1,7.477888e-05,Baixo,2026-05-11T20:10:58.511270
119,41,Masculino,Porto Alegre,RS,Moderado,89016.47,111578.64,58544.82,44,454,2,"FIIs, Renda Fixa, Fundos",Rafael Gomes,Agressivo,3.5,231,15.8,54,1,1,-30471.65,1,-34.23147424291258,363.2,0.12658227848101264,0,1,0,0.9997775,Alto,2026-05-11T20:10:58.511270
120,28,Masculino,Rio de Janeiro,SP,Conservador,141772.0,105427.47,161127.9,30,228,9,Renda Fixa,Lucas Oliveira,Comercial,8.3,268,1.1,42,0,1,19355.89999999999,0,13.652836949468156,159.06976744186048,8.181818181818182,0,1,1,0.017724605,Baixo,2026-05-11T20:10:58.511270
121,68,Masculino,Curitiba,SP,Moderado,78456.86,68128.84,99296.81,36,47,8,"FIIs, Renda Fixa, Exterior",Ana Souza,Agressivo,1.7,485,40.6,35,0,1,20839.95,0,26.562304430740664,47.0,0.19704433497536944,0,1,1,0.0035706023,Baixo,2026-05-11T20:10:58.511270
122,34,Feminino,Curitiba,RJ,Conservador,46546.22,42355.32,36765.6,47,268,6,"FIIs, Renda Fixa",João Pereira,Moderado,2.2,327,45.2,45,0,0,-9780.620000000003,1,-21.01270522074618,273.82608695652175,0.1327433628318584,0,1,0,0.9842089,Alto,2026-05-11T20:10:58.511270
123,25,Feminino,Curitiba,RS,Moderado,119773.52,140069.8,162587.74,57,7,0,Cripto,Patrícia Rocha,Moderado,9.5,132,31.6,20,0,1,42814.21999999999,0,35.745981248609866,19.0,0.0,0,0,1,0.0004523137,Baixo,2026-05-11T20:10:58.511270
124,52,Feminino,São Paulo,RJ,Agressivo,185708.24,240586.65,116498.2,42,272,2,"FIIs, Cripto",Mariana Costa,Comercial,8.5,472,11.5,21,0,1,-69210.04,0,-37.268157837261285,519.2727272727273,0.17391304347826086,0,0,0,0.004099571,Baixo,2026-05-11T20:10:58.511270
125,52,Feminino,Belo Horizonte,PR,Conservador,185898.76,156973.34,252716.64,53,20,1,Ações,Ana Souza,Agressivo,4.2,190,12.5,8,0,1,66817.88,0,35.943155295925585,117.77777777777777,0.08,1,0,1,0.00019842056,Baixo,2026-05-11T20:10:58.511270
126,50,Masculino,Porto Alegre,RS,Agressivo,69039.15,84544.27,70026.14,4,338,0,Cripto,Ana Souza,Comercial,6.6,383,22.7,33,0,0,986.9900000000052,1,1.4296091420592596,39.76470588235294,0.0,0,1,1,0.70795125,Alto,2026-05-11T20:10:58.511270
127,22,Masculino,Rio de Janeiro,PR,Agressivo,106007.82,127036.98,84364.11,12,468,8,"Ações, FIIs, Fundos",Fernanda Alves,Conservador,9.5,144,43.1,58,1,0,-21643.71000000001,1,-20.417088097840335,95.1864406779661,0.18561484918793503,0,1,0,0.99938047,Alto,2026-05-11T20:10:58.511270
128,59,Masculino,Rio de Janeiro,RJ,Conservador,43115.54,35992.61,31060.45,27,63,7,"Exterior, Renda Fixa, Fundos",Patrícia Rocha,Comercial,2.5,414,7.6,56,1,0,-12055.09,1,-27.959965246869228,29.842105263157894,0.9210526315789475,0,1,0,0.9991928,Alto,2026-05-11T20:10:58.511270
129,56,Feminino,São Paulo,RS,Conservador,199130.59,187103.01,290327.71,42,181,4,"Ações, Renda Fixa, Exterior",Bruno Martins,Moderado,1.1,243,39.7,25,0,1,91197.12000000002,0,45.79764465118093,292.38461538461536,0.10075566750629722,1,0,1,0.00032081964,Baixo,2026-05-11T20:10:58.511270
130,58,Masculino,Curitiba,RJ,Agressivo,196242.46,185606.85,130579.54,24,67,1,"Exterior, Cripto",Mariana Costa,Agressivo,5.6,159,14.3,0,0,1,-65662.92,0,-33.460098288617054,1608.0,0.06993006993006992,0,0,0,0.0010799756,Baixo,2026-05-11T20:10:58.511270
131,45,Feminino,São Paulo,RS,Agressivo,130252.28,167625.88,101490.5,50,565,0,"Renda Fixa, Cripto",Ana Souza,Agressivo,1.9,101,38.9,35,1,0,-28761.78,1,-22.081594272284523,784.7222222222222,0.0,0,1,0,0.999064,Alto,2026-05-11T20:10:58.511270
132,24,Feminino,Belo Horizonte,RJ,Agressivo,161078.4,130237.55,147071.04,34,311,6,"Exterior, Renda Fixa",Rafael Gomes,Comercial,2.3,152,44.2,43,0,0,-14007.35999999999,0,-8.69598903391143,240.3181818181818,0.13574660633484162,0,1,0,0.032173857,Baixo,2026-05-11T20:10:58.511270
133,26,Masculino,Belo Horizonte,SP,Agressivo,143304.93,169027.42,165977.4,46,250,1,Cripto,Mariana Costa,Moderado,9.0,150,20.8,4,1,1,22672.47,0,15.821137486337703,2300.0,0.04807692307692307,0,0,1,0.00020584189,Baixo,2026-05-11T20:10:58.511270
134,25,Masculino,Porto Alegre,RJ,Conservador,119038.49,107196.02,129790.16,38,293,0,"Fundos, Ações",Rafael Gomes,Conservador,0.6,191,17.8,40,1,0,10751.67,0,9.032095417204971,271.5609756097561,0.0,0,1,1,0.011793065,Baixo,2026-05-11T20:10:58.511270
135,29,Masculino,Porto Alegre,SP,Conservador,11616.25,13225.36,8283.31,6,336,1,"Cripto, Renda Fixa",Lucas Oliveira,Comercial,8.3,250,38.6,21,1,1,-3332.940000000001,0,-28.692047777897344,91.63636363636364,0.025906735751295335,0,0,0,0.0008797227,Baixo,2026-05-11T20:10:58.511270
136,51,Feminino,Belo Horizonte,RJ,Agressivo,91498.1,87106.8,78757.46,37,531,6,"FIIs, Ações",Bruno Martins,Agressivo,5.4,368,25.7,3,1,0,-12740.64,0,-13.924485863640884,4911.75,0.23346303501945526,0,0,0,0.0014250802,Baixo,2026-05-11T20:10:58.511270
137,50,Masculino,Belo Horizonte,RS,Moderado,135282.47,141642.89,110238.52,31,259,6,"Renda Fixa, Exterior, Ações",Lucas Oliveira,Moderado,5.8,248,33.0,47,1,0,-25043.95,1,-18.5123394036197,167.27083333333334,0.18181818181818182,0,1,0,0.9991334,Alto,2026-05-11T20:10:58.511270
138,65,Feminino,Belo Horizonte,RS,Moderado,135828.79,162935.74,107602.01,2,514,9,"Cripto, Fundos, FIIs",Ana Souza,Agressivo,6.9,333,30.1,1,0,0,-28226.78000000001,0,-20.781146618474633,514.0,0.2990033222591362,0,0,0,0.005209457,Baixo,2026-05-11T20:10:58.511270
139,72,Masculino,São Paulo,RS,Conservador,75251.4,88984.73,72996.11,44,467,5,"Cripto, Ações, FIIs",Fernanda Alves,Agressivo,4.6,266,7.8,15,0,1,-2255.289999999994,0,-2.9970073646470285,1284.25,0.6410256410256411,0,0,0,0.0039135334,Baixo,2026-05-11T20:10:58.511270
140,40,Feminino,Belo Horizonte,MG,Agressivo,188396.71,229816.46,232411.51,38,203,4,"Exterior, Ações, Fundos",Bruno Martins,Agressivo,1.6,95,40.6,15,1,0,44014.80000000002,0,23.362828363616337,482.125,0.09852216748768472,1,0,1,0.00027137005,Baixo,2026-05-11T20:10:58.511270
141,41,Feminino,Rio de Janeiro,PR,Agressivo,34304.05,25239.9,27295.99,36,275,2,Exterior,Fernanda Alves,Agressivo,1.5,77,9.8,52,0,1,-7008.060000000001,0,-20.42924960755363,186.79245283018867,0.2040816326530612,0,1,0,0.89182645,Alto,2026-05-11T20:10:58.511270
142,54,Masculino,Curitiba,RS,Conservador,100571.53,112160.42,93532.63,54,562,2,Cripto,João Pereira,Conservador,7.7,51,44.8,55,1,0,-7038.899999999994,1,-6.998899191451094,541.9285714285714,0.044642857142857144,0,1,0,0.99885595,Alto,2026-05-11T20:10:58.511270
143,52,Feminino,Belo Horizonte,SP,Moderado,138485.91,108571.9,131814.45,49,68,8,Renda Fixa,Juliana Mendes,Moderado,2.6,432,12.4,55,0,0,-6671.459999999992,0,-4.8174287189216525,59.5,0.6451612903225806,0,1,0,0.013066744,Baixo,2026-05-11T20:10:58.511270
144,61,Feminino,Curitiba,RS,Moderado,139730.03,132672.43,206634.29,21,234,3,"Renda Fixa, Exterior, Ações",Patrícia Rocha,Comercial,0.8,66,35.4,21,0,1,66904.26000000001,0,47.88108898280492,223.36363636363637,0.08474576271186442,1,0,1,0.00013076131,Baixo,2026-05-11T20:10:58.511270
145,57,Masculino,São Paulo,MG,Moderado,130079.15,133871.35,189811.46,7,253,8,"FIIs, Renda Fixa",João Pereira,Moderado,9.8,364,14.0,42,0,1,59732.31,0,45.91997257054647,41.18604651162791,0.5714285714285714,1,1,1,0.00064166065,Baixo,2026-05-11T20:10:58.511270
146,39,Feminino,Curitiba,SP,Conservador,55782.35,52527.1,73639.61,16,250,3,"Ações, Renda Fixa, Fundos",Lucas Oliveira,Moderado,9.8,485,15.6,0,0,0,17857.26,0,32.01238384542782,4000.0,0.19230769230769232,0,0,1,0.00011459434,Baixo,2026-05-11T20:10:58.511270
147,44,Masculino,São Paulo,MG,Moderado,32085.11,32462.66,26229.35,51,591,1,"Ações, Cripto, Fundos",Rafael Gomes,Moderado,4.1,437,15.2,14,0,1,-5855.760000000002,0,-18.25070881789092,2009.4,0.06578947368421052,0,0,0,0.0007936883,Baixo,2026-05-11T20:10:58.511270
148,52,Feminino,Rio de Janeiro,SP,Conservador,127552.13,165551.92,84341.75,26,161,3,"Renda Fixa, Cripto",Lucas Oliveira,Comercial,0.7,126,36.0,23,0,0,-43210.38,0,-33.876643220305304,174.41666666666666,0.08333333333333333,0,0,0,0.0035101788,Baixo,2026-05-11T20:10:58.511270
149,18,Masculino,São Paulo,RJ,Conservador,120261.12,93939.62,106456.79,32,568,5,Exterior,Bruno Martins,Moderado,7.4,436,26.9,3,0,1,-13804.33,0,-11.478630832641509,4544.0,0.1858736059479554,0,0,0,0.004139268,Baixo,2026-05-11T20:10:58.511270
150,52,Masculino,São Paulo,PR,Agressivo,36691.85,40554.53,30825.38,45,92,5,"Fundos, Cripto, FIIs",Bruno Martins,Comercial,8.4,420,42.4,17,0,1,-5866.469999999998,0,-15.988482455913228,230.0,0.1179245283018868,0,0,0,0.0026536917,Baixo,2026-05-11T20:10:58.511270
151,54,Feminino,Porto Alegre,PR,Moderado,141322.69,132504.24,149142.53,16,317,4,"Fundos, Ações, FIIs",Lucas Oliveira,Comercial,1.7,214,15.1,16,1,0,7819.839999999997,0,5.533322356091578,298.3529411764706,0.26490066225165565,0,0,1,0.00017073126,Baixo,2026-05-11T20:10:58.511270
152,64,Feminino,Belo Horizonte,MG,Conservador,91579.23,71414.02,119048.89,41,70,0,"Cripto, FIIs",Ana Souza,Conservador,1.8,146,33.4,6,1,0,27469.66,0,29.99551317476682,410.0,0.0,0,0,1,0.00018449072,Baixo,2026-05-11T20:10:58.511270
153,31,Feminino,Belo Horizonte,PR,Moderado,133884.36,106470.47,183755.03,11,24,2,Ações,Lucas Oliveira,Agressivo,8.3,154,36.3,49,0,1,49870.67000000001,0,37.249063296116155,5.28,0.05509641873278237,1,1,1,0.00032287606,Baixo,2026-05-11T20:10:58.511270
154,20,Feminino,Rio de Janeiro,MG,Moderado,167636.05,212824.67,228048.34,47,37,4,"Renda Fixa, Exterior, Fundos",Bruno Martins,Comercial,9.3,73,7.7,44,0,1,60412.29000000001,0,36.03776753269957,38.644444444444446,0.5194805194805194,1,1,1,0.006794358,Baixo,2026-05-11T20:10:58.511270
155,18,Feminino,Rio de Janeiro,MG,Agressivo,34775.96,42696.56,32122.83,45,562,5,Ações,Bruno Martins,Agressivo,8.0,249,19.5,51,0,0,-2653.129999999997,1,-7.629207072931983,486.34615384615387,0.2564102564102564,0,1,0,0.98678964,Alto,2026-05-11T20:10:58.511270
156,22,Masculino,Belo Horizonte,MG,Moderado,4809.83,5984.51,5860.83,26,77,0,Ações,Mariana Costa,Moderado,2.4,84,23.4,51,1,1,1051.0,1,21.85108413395068,38.5,0.0,0,1,1,0.96777946,Alto,2026-05-11T20:10:58.511270
157,43,Feminino,Porto Alegre,PR,Agressivo,156041.41,202061.09,137558.43,47,347,8,Ações,Carlos Silva,Agressivo,4.4,51,17.4,9,0,1,-18482.98000000001,0,-11.844919883766758,1630.9,0.4597701149425288,0,0,0,0.0026038005,Baixo,2026-05-11T20:10:58.511270
158,72,Masculino,Belo Horizonte,MG,Conservador,122329.79,100920.76,80103.38,7,137,2,"Renda Fixa, Cripto",Fernanda Alves,Agressivo,6.2,338,15.8,0,0,1,-42226.40999999999,0,-34.518501176205724,959.0,0.12658227848101264,0,0,0,0.0010359293,Baixo,2026-05-11T20:10:58.511270
159,31,Masculino,Porto Alegre,PR,Moderado,140228.27,128065.38,172678.32,22,59,9,"Exterior, FIIs",João Pereira,Agressivo,2.0,381,33.1,1,1,1,32450.05000000002,0,23.14087594462944,649.0,0.2719033232628399,0,0,1,0.00017925703,Baixo,2026-05-11T20:10:58.511270
160,56,Feminino,Rio de Janeiro,MG,Conservador,167792.84,184829.08,102159.8,59,65,2,"Exterior, Renda Fixa",Lucas Oliveira,Moderado,2.5,391,10.8,48,1,0,-65633.04,1,-39.11551887434529,78.26530612244898,0.18518518518518517,0,1,0,0.9992995,Alto,2026-05-11T20:10:58.511270
161,44,Masculino,Curitiba,RS,Moderado,160759.38,159197.04,155657.57,41,524,1,FIIs,Mariana Costa,Moderado,3.2,187,34.2,21,1,0,-5101.809999999998,0,-3.173569094381925,976.5454545454545,0.029239766081871343,0,0,0,0.00048613304,Baixo,2026-05-11T20:10:58.511270
162,26,Masculino,Rio de Janeiro,MG,Conservador,192223.11,182810.66,172316.74,48,276,7,"Renda Fixa, FIIs",Ana Souza,Comercial,5.3,386,44.9,31,0,1,-19906.37,1,-10.355867200358999,414.0,0.155902004454343,0,1,0,0.582185,Médio,2026-05-11T20:10:58.511270
163,32,Masculino,Rio de Janeiro,SP,Moderado,107651.08,98467.02,131769.2,58,250,2,Ações,Bruno Martins,Comercial,5.4,111,27.3,28,1,1,24118.12000000001,0,22.403974024227168,500.0,0.07326007326007326,0,0,1,0.00014749673,Baixo,2026-05-11T20:10:58.511270
164,32,Masculino,São Paulo,MG,Moderado,98210.63,103736.78,126654.48,28,180,5,Fundos,Lucas Oliveira,Conservador,8.2,348,29.5,34,0,0,28443.84999999999,0,28.96208893069924,144.0,0.1694915254237288,0,1,1,0.00010616887,Baixo,2026-05-11T20:10:58.511270
165,43,Feminino,São Paulo,RJ,Moderado,80975.55,84648.28,70747.14,49,321,1,"Exterior, FIIs, Cripto",Bruno Martins,Moderado,7.7,246,3.8,16,1,1,-10228.41,0,-12.631479502146023,925.2352941176471,0.2631578947368421,0,0,0,0.0016814491,Baixo,2026-05-11T20:10:58.511270
166,59,Masculino,São Paulo,MG,Moderado,31584.52,25168.9,42022.08,19,135,6,"Renda Fixa, Ações, FIIs",Rafael Gomes,Conservador,9.2,426,41.6,11,0,1,10437.56,0,33.046441737914655,213.75,0.14423076923076922,0,0,1,0.00013988635,Baixo,2026-05-11T20:10:58.511270
167,30,Feminino,São Paulo,SP,Moderado,114948.84,112999.76,99376.16,15,106,3,Exterior,Mariana Costa,Moderado,8.4,108,14.1,23,0,1,-15572.67999999999,0,-13.547487734543465,66.25,0.2127659574468085,0,0,0,0.0013559058,Baixo,2026-05-11T20:10:58.511270
168,68,Feminino,Porto Alegre,SP,Moderado,56125.49,57926.17,56220.55,16,314,8,"FIIs, Ações, Exterior",Lucas Oliveira,Agressivo,2.9,314,29.7,29,0,1,95.06000000000495,0,0.1693704589483405,167.46666666666667,0.26936026936026936,0,0,1,0.00032703666,Baixo,2026-05-11T20:10:58.511270
169,49,Masculino,Belo Horizonte,PR,Moderado,184340.19,192114.21,231220.97,15,296,9,Renda Fixa,Rafael Gomes,Conservador,3.6,382,47.0,43,1,1,46880.78,0,25.431665227208455,100.9090909090909,0.19148936170212766,1,1,1,0.0017846818,Baixo,2026-05-11T20:10:58.511270
170,56,Feminino,Curitiba,RS,Moderado,117054.97,96694.93,143231.76,18,499,8,"FIIs, Exterior",Juliana Mendes,Conservador,5.3,237,28.8,29,0,0,26176.79000000001,0,22.36281808452901,299.4,0.2777777777777778,0,0,1,6.655893e-05,Baixo,2026-05-11T20:10:58.511270
171,66,Feminino,Rio de Janeiro,MG,Moderado,118975.2,136269.77,177110.25,55,365,6,Exterior,Mariana Costa,Conservador,0.6,112,34.9,19,0,1,58135.05,0,48.863166441409646,1003.75,0.17191977077363899,0,0,1,0.00013000963,Baixo,2026-05-11T20:10:58.511270
172,69,Feminino,Porto Alegre,PR,Conservador,71630.01,51224.01,57493.46,55,342,7,"Renda Fixa, Fundos",Lucas Oliveira,Moderado,9.1,357,21.7,41,0,1,-14136.55,0,-19.73551309011404,447.85714285714283,0.3225806451612903,0,1,0,0.93258595,Alto,2026-05-11T20:10:58.511270
173,49,Masculino,Curitiba,RS,Agressivo,11345.88,10357.64,13570.65,7,583,2,"Fundos, Exterior",Lucas Oliveira,Comercial,0.9,328,3.4,6,1,1,2224.77,0,19.608615638452026,583.0,0.5882352941176471,0,0,1,0.00036922708,Baixo,2026-05-11T20:10:58.511270
174,21,Feminino,Porto Alegre,MG,Moderado,7317.01,8547.2,8405.15,37,14,4,"Fundos, FIIs, Exterior",Patrícia Rocha,Conservador,3.6,79,38.4,41,0,0,1088.139999999999,1,14.871375056204645,12.333333333333334,0.10416666666666667,0,1,1,0.95260864,Alto,2026-05-11T20:10:58.511270
175,47,Feminino,Porto Alegre,RJ,Agressivo,85243.69,88511.57,121351.95,37,53,1,"Cripto, Ações",Mariana Costa,Comercial,5.9,220,2.2,49,0,1,36108.25999999999,0,42.358865506643355,39.22,0.45454545454545453,0,1,1,0.0013389419,Baixo,2026-05-11T20:10:58.511270
176,54,Feminino,Rio de Janeiro,MG,Moderado,17828.51,15273.64,13206.04,52,491,9,"FIIs, Cripto",Mariana Costa,Moderado,5.4,70,33.8,53,0,1,-4622.469999999998,1,-25.927405038334655,472.81481481481484,0.26627218934911245,0,1,0,0.9961307,Alto,2026-05-11T20:10:58.511270
177,40,Masculino,Belo Horizonte,SP,Moderado,121762.54,136005.33,155444.29,28,325,6,"Ações, Cripto, FIIs",Bruno Martins,Conservador,6.7,348,1.6,37,0,0,33681.75000000001,0,27.66183261288736,239.47368421052633,3.75,0,1,1,0.0005123021,Baixo,2026-05-11T20:10:58.511270
178,56,Feminino,São Paulo,SP,Conservador,176313.63,183442.8,195962.33,40,573,7,"Renda Fixa, Ações",Lucas Oliveira,Moderado,5.5,250,41.5,6,1,0,19648.69999999998,0,11.144175297167882,3274.285714285714,0.1686746987951807,1,0,1,0.0007320731,Baixo,2026-05-11T20:10:58.511270
179,62,Masculino,Belo Horizonte,RJ,Conservador,176700.05,208107.81,149700.16,35,137,8,Exterior,Fernanda Alves,Comercial,2.7,184,8.0,59,0,0,-26999.88999999998,1,-15.280069247292225,79.91666666666667,1.0,0,1,0,0.9951083,Alto,2026-05-11T20:10:58.511270
180,32,Masculino,Rio de Janeiro,PR,Agressivo,132150.04,150785.19,135716.96,25,587,6,"Exterior, Ações, Fundos",Fernanda Alves,Comercial,2.4,321,24.9,48,1,0,3566.919999999984,1,2.6991440940918245,299.48979591836735,0.24096385542168677,0,1,1,0.9672218,Alto,2026-05-11T20:10:58.511270
181,60,Masculino,Rio de Janeiro,RS,Conservador,43035.13,45878.24,38748.79,30,87,9,Ações,Fernanda Alves,Conservador,9.1,72,28.9,29,1,1,-4286.339999999997,0,-9.960095391834525,87.0,0.31141868512110726,0,0,0,0.0017601657,Baixo,2026-05-11T20:10:58.511270
182,46,Masculino,Rio de Janeiro,MG,Conservador,172736.37,171511.08,193703.47,43,61,9,"Ações, Fundos, Exterior",Juliana Mendes,Comercial,3.0,491,22.2,11,0,1,20967.10000000001,0,12.138208068167698,218.58333333333334,0.40540540540540543,1,0,1,0.0018271079,Baixo,2026-05-11T20:10:58.511270
183,53,Masculino,Curitiba,SP,Agressivo,177332.59,138303.33,248283.46,59,380,7,"Fundos, Exterior, FIIs",Lucas Oliveira,Agressivo,3.2,136,16.7,48,1,1,70950.87,0,40.010056809072715,457.55102040816325,0.4191616766467066,1,1,1,0.0008307714,Baixo,2026-05-11T20:10:58.511270
184,30,Masculino,Belo Horizonte,PR,Conservador,40134.06,34386.86,44644.1,11,353,8,"Fundos, Exterior",Lucas Oliveira,Agressivo,4.4,80,22.7,30,1,0,4510.040000000001,0,11.237437727456433,125.25806451612904,0.3524229074889868,0,0,1,0.00027371332,Baixo,2026-05-11T20:10:58.511270
185,49,Feminino,Belo Horizonte,RJ,Moderado,147747.79,140576.07,172650.71,54,275,5,"Exterior, Renda Fixa, Ações",Rafael Gomes,Conservador,1.8,170,15.3,17,1,1,24902.91999999998,0,16.8550203018265,825.0,0.32679738562091504,0,0,1,0.0001864786,Baixo,2026-05-11T20:10:58.511270
186,24,Masculino,Porto Alegre,SP,Agressivo,58017.39,61474.04,61897.19,16,487,9,"FIIs, Exterior",Patrícia Rocha,Moderado,5.3,118,21.3,45,0,0,3879.800000000003,0,6.687305306219399,169.3913043478261,0.4225352112676056,0,1,1,0.025006583,Baixo,2026-05-11T20:10:58.511270
187,68,Feminino,Porto Alegre,RJ,Agressivo,160725.42,162047.34,103836.49,14,115,1,"Exterior, Ações, FIIs",Mariana Costa,Moderado,6.8,183,17.5,42,1,0,-56888.93000000001,1,-35.39510427162051,37.44186046511628,0.05714285714285714,0,1,0,0.99790597,Alto,2026-05-11T20:10:58.511270
188,39,Feminino,Porto Alegre,MG,Moderado,199450.34,174102.34,161469.55,8,80,1,"Exterior, FIIs",Bruno Martins,Moderado,8.0,420,27.4,1,1,1,-37980.79000000001,0,-19.04273013523066,320.0,0.03649635036496351,0,0,0,0.0016583437,Baixo,2026-05-11T20:10:58.511270
189,45,Masculino,Rio de Janeiro,RS,Conservador,6975.18,4909.68,7273.73,38,162,3,"FIIs, Ações",Patrícia Rocha,Agressivo,7.3,498,11.8,52,0,0,298.5499999999993,0,4.280176282189123,116.15094339622641,0.2542372881355932,0,1,1,0.028758125,Baixo,2026-05-11T20:10:58.511270
190,19,Feminino,Belo Horizonte,SP,Agressivo,179575.81,179170.6,157885.16,41,536,8,"FIIs, Cripto",Rafael Gomes,Comercial,1.9,364,47.5,32,0,0,-21690.64999999999,1,-12.078826207160082,665.939393939394,0.16842105263157894,0,1,0,0.9707648,Alto,2026-05-11T20:10:58.511270
191,59,Feminino,Rio de Janeiro,SP,Agressivo,124903.48,108837.84,95374.7,47,333,6,"Cripto, Renda Fixa",Lucas Oliveira,Agressivo,4.8,461,24.3,10,1,1,-29528.78,0,-23.64127884987672,1422.8181818181818,0.24691358024691357,0,0,0,0.001855497,Baixo,2026-05-11T20:10:58.511270
192,62,Feminino,Curitiba,MG,Moderado,194703.14,222110.52,205162.51,11,126,1,"Renda Fixa, FIIs, Ações",João Pereira,Comercial,0.9,195,9.7,33,1,1,10459.37,1,5.37195753494268,40.76470588235294,0.10309278350515465,1,1,1,0.9618367,Alto,2026-05-11T20:10:58.511270
193,74,Feminino,Porto Alegre,PR,Moderado,93536.89,66819.74,83297.3,31,45,7,Renda Fixa,Mariana Costa,Agressivo,0.7,382,23.2,15,1,0,-10239.59,0,-10.947114021002832,87.1875,0.3017241379310345,0,0,0,0.0012012419,Baixo,2026-05-11T20:10:58.511270
194,70,Masculino,Rio de Janeiro,RS,Conservador,169630.2,178263.82,141182.69,24,171,6,"Renda Fixa, Fundos",Juliana Mendes,Moderado,4.7,443,41.7,53,0,1,-28447.51000000001,1,-16.770309767954057,76.0,0.14388489208633093,0,1,0,0.99483323,Alto,2026-05-11T20:10:58.511270
195,23,Feminino,Rio de Janeiro,SP,Agressivo,13416.42,16970.22,13652.37,38,27,8,"Renda Fixa, Fundos",Fernanda Alves,Moderado,2.9,312,1.5,34,1,1,235.9500000000007,1,1.7586658736086134,29.314285714285713,5.333333333333333,0,1,1,0.97967327,Alto,2026-05-11T20:10:58.511270
196,45,Masculino,Curitiba,RS,Conservador,67720.53,54491.02,48755.79,17,283,7,"Cripto, Exterior, Renda Fixa",Juliana Mendes,Moderado,7.0,342,32.8,51,0,0,-18964.74,1,-28.00441756731673,92.51923076923077,0.2134146341463415,0,1,0,0.99448496,Alto,2026-05-11T20:10:58.511270
197,45,Feminino,São Paulo,SP,Conservador,14336.29,14092.43,20572.16,14,473,2,Renda Fixa,Lucas Oliveira,Conservador,7.4,478,26.5,32,1,0,6235.869999999999,0,43.497097226688346,200.66666666666666,0.07547169811320754,0,1,1,0.00035912034,Baixo,2026-05-11T20:10:58.511270
198,61,Feminino,Belo Horizonte,RS,Moderado,195093.28,147266.79,269410.53,31,404,0,FIIs,Rafael Gomes,Conservador,9.0,135,8.6,20,1,1,74317.25000000003,0,38.09318803805032,596.3809523809524,0.0,1,0,1,0.00010487268,Baixo,2026-05-11T20:10:58.511270
199,61,Masculino,São Paulo,RJ,Agressivo,163577.81,175913.07,202322.61,5,13,1,"Renda Fixa, Ações, Cripto",João Pereira,Comercial,7.7,65,39.3,19,0,1,38744.79999999999,0,23.685853234005265,3.25,0.025445292620865142,1,0,1,0.00025164653,Baixo,2026-05-11T20:10:58.511270
200,37,Feminino,Porto Alegre,SP,Agressivo,170656.94,175831.09,118707.68,57,17,1,"Exterior, FIIs, Ações",Ana Souza,Conservador,1.0,265,18.0,7,1,0,-51949.26000000001,0,-30.440754416433347,121.125,0.05555555555555555,0,0,0,0.0015778195,Baixo,2026-05-11T20:10:58.511270
201,47,Feminino,Rio de Janeiro,RS,Agressivo,187655.08,177225.08,243630.63,43,56,3,"Cripto, Renda Fixa, Fundos",Fernanda Alves,Agressivo,4.0,165,14.5,50,0,1,55975.55000000002,0,29.828955336567503,47.21568627450981,0.20689655172413793,1,1,1,0.0011066841,Baixo,2026-05-11T20:10:58.511270
202,28,Feminino,Curitiba,PR,Moderado,17935.59,18165.64,23803.43,42,213,5,"Cripto, FIIs, Fundos",Bruno Martins,Agressivo,3.1,167,39.8,25,1,0,5867.84,0,32.71618051037073,344.0769230769231,0.1256281407035176,0,0,1,0.0005607033,Baixo,2026-05-11T20:10:58.511270
203,72,Masculino,Curitiba,RJ,Moderado,77733.92,96230.3,100353.57,51,554,3,"Exterior, Cripto",Lucas Oliveira,Comercial,4.2,319,30.8,32,0,0,22619.65000000001,0,29.09881554924801,856.1818181818181,0.09740259740259741,0,1,1,0.0010867387,Baixo,2026-05-11T20:10:58.511270
204,45,Feminino,Belo Horizonte,RJ,Moderado,15135.94,12377.82,10634.05,34,406,8,"Renda Fixa, Fundos, FIIs",Carlos Silva,Comercial,2.0,444,43.2,25,0,1,-4501.890000000001,0,-29.743048664304965,530.9230769230769,0.18518518518518517,0,0,0,0.0032474622,Baixo,2026-05-11T20:10:58.511270
205,42,Masculino,São Paulo,PR,Moderado,42947.83,30644.94,50657.7,33,195,3,"Exterior, Fundos, Cripto",João Pereira,Moderado,1.4,392,30.4,36,1,1,7709.869999999995,0,17.951710249388608,173.9189189189189,0.09868421052631579,0,1,1,0.00061716186,Baixo,2026-05-11T20:10:58.511270
206,56,Feminino,Belo Horizonte,RS,Moderado,46643.79,56765.44,63010.74,37,55,5,Renda Fixa,João Pereira,Conservador,5.4,211,35.7,29,0,1,16366.95,0,35.089236959518075,67.83333333333333,0.1400560224089636,0,0,1,0.00041820106,Baixo,2026-05-11T20:10:58.511270
207,50,Masculino,Rio de Janeiro,MG,Agressivo,94352.33,98718.04,105638.57,55,397,5,"FIIs, Fundos",Mariana Costa,Moderado,7.3,237,40.2,30,1,1,11286.24000000001,0,11.961803169036743,704.3548387096774,0.12437810945273631,0,0,1,0.00064692914,Baixo,2026-05-11T20:10:58.511270
208,18,Masculino,Belo Horizonte,PR,Conservador,54443.87,67205.24,64339.95,53,304,9,Cripto,Juliana Mendes,Conservador,7.2,153,3.1,32,0,1,9896.079999999994,1,18.176665251753768,488.24242424242425,2.903225806451613,0,1,1,0.91687375,Alto,2026-05-11T20:10:58.511270
209,74,Feminino,Curitiba,RS,Agressivo,21094.64,22321.65,21358.9,56,200,9,Exterior,Fernanda Alves,Conservador,4.8,190,37.4,10,0,0,264.260000000002,0,1.252735291998356,1018.1818181818181,0.24064171122994654,0,0,1,0.00029765637,Baixo,2026-05-11T20:10:58.511270
210,44,Feminino,Curitiba,PR,Conservador,34330.73,40719.56,36934.26,4,421,0,"Renda Fixa, Cripto, Fundos",Lucas Oliveira,Comercial,5.5,216,29.7,52,0,1,2603.529999999999,1,7.583672121157921,31.77358490566038,0.0,0,1,1,0.9623414,Alto,2026-05-11T20:10:58.511270
211,74,Masculino,Porto Alegre,PR,Moderado,30307.84,29028.97,19122.4,17,424,7,Ações,Carlos Silva,Moderado,5.4,349,3.8,40,1,0,-11185.44,1,-36.9060942647183,175.8048780487805,1.842105263157895,0,1,0,0.9921772,Alto,2026-05-11T20:10:58.511270
212,69,Masculino,Porto Alegre,SP,Conservador,194642.28,223822.26,228717.67,15,526,2,"Fundos, Exterior",Fernanda Alves,Moderado,7.1,77,24.7,4,0,1,34075.39000000001,0,17.506674295019568,1578.0,0.08097165991902834,1,0,1,0.00062939705,Baixo,2026-05-11T20:10:58.511270
213,30,Feminino,Rio de Janeiro,RS,Agressivo,152099.21,189793.18,102408.78,7,360,5,Ações,Rafael Gomes,Conservador,1.0,473,4.4,1,0,0,-49690.42999999999,0,-32.66974890928099,1260.0,1.1363636363636362,0,0,0,0.0024281451,Baixo,2026-05-11T20:10:58.511270
214,58,Masculino,São Paulo,MG,Agressivo,193584.53,201961.66,191941.6,24,152,2,"Ações, Renda Fixa, Exterior",Carlos Silva,Conservador,7.2,321,35.5,12,0,1,-1642.929999999993,0,-0.8486886839563023,280.61538461538464,0.056338028169014086,1,0,0,0.0020049252,Baixo,2026-05-11T20:10:58.511270
215,20,Feminino,Belo Horizonte,SP,Conservador,88508.36,71556.45,76417.2,31,369,1,"Ações, Exterior, Renda Fixa",Patrícia Rocha,Comercial,6.0,99,26.5,17,1,1,-12091.16,0,-13.661037217275299,635.5,0.03773584905660377,0,0,0,0.0027241157,Baixo,2026-05-11T20:10:58.511270
216,56,Feminino,Rio de Janeiro,PR,Moderado,56395.33,48572.09,61520.83,25,368,4,"Fundos, Cripto, Ações",Patrícia Rocha,Agressivo,2.4,420,45.8,25,1,0,5125.5,0,9.088518499670096,353.84615384615387,0.08733624454148473,0,0,1,0.00024343515,Baixo,2026-05-11T20:10:58.511270
217,23,Feminino,Porto Alegre,PR,Moderado,159860.35,130955.48,115111.39,51,406,0,"FIIs, Cripto, Exterior",João Pereira,Moderado,1.0,205,9.2,24,0,1,-44748.96000000001,0,-27.99253223203878,828.24,0.0,0,0,0,0.0007409885,Baixo,2026-05-11T20:10:58.511270
218,25,Feminino,Belo Horizonte,PR,Agressivo,65924.53,55911.53,80591.36,21,496,8,"Exterior, Fundos, Cripto",Rafael Gomes,Moderado,1.5,373,29.3,43,0,1,14666.83,0,22.24790984478767,236.72727272727272,0.27303754266211605,0,1,1,0.001392624,Baixo,2026-05-11T20:10:58.511270
219,44,Masculino,Porto Alegre,RS,Conservador,60577.29,53541.19,79690.05,30,233,6,"Cripto, Ações, Renda Fixa",Patrícia Rocha,Comercial,5.5,397,10.6,13,1,0,19112.76,0,31.551031748036273,499.2857142857143,0.5660377358490566,0,0,1,0.00014471507,Baixo,2026-05-11T20:10:58.511270
220,26,Feminino,Belo Horizonte,RS,Moderado,47268.69,48832.35,35310.61,42,579,2,FIIs,João Pereira,Comercial,7.7,170,29.7,4,0,0,-11958.08,0,-25.298099016494852,4863.6,0.06734006734006734,0,0,0,0.0032492373,Baixo,2026-05-11T20:10:58.511270
221,54,Masculino,São Paulo,SP,Moderado,26806.12,28221.35,18600.28,9,541,3,"Fundos, Cripto, Renda Fixa",Juliana Mendes,Moderado,3.7,493,34.8,58,0,0,-8205.84,1,-30.611815510786343,82.52542372881356,0.08620689655172414,0,1,0,0.9951167,Alto,2026-05-11T20:10:58.511270
222,50,Feminino,Rio de Janeiro,MG,Agressivo,52036.15,49741.35,38036.55,55,272,5,Exterior,Lucas Oliveira,Moderado,4.1,189,34.8,55,0,1,-13999.6,1,-26.903604513400776,267.14285714285717,0.14367816091954025,0,1,0,0.9997092,Alto,2026-05-11T20:10:58.511270
223,68,Masculino,Belo Horizonte,SP,Moderado,71708.63,76674.63,99633.03,56,409,2,"Exterior, Fundos, FIIs",João Pereira,Conservador,9.4,65,39.2,41,0,0,27924.39999999999,0,38.941477476281435,545.3333333333334,0.0510204081632653,0,1,1,0.0004498773,Baixo,2026-05-11T20:10:58.511270
224,59,Feminino,Curitiba,RJ,Conservador,135124.85,101201.07,145309.26,11,15,6,"FIIs, Renda Fixa",Lucas Oliveira,Agressivo,2.5,358,41.0,51,0,0,10184.41,0,7.537037043889412,3.173076923076923,0.14634146341463414,0,1,1,0.00086534093,Baixo,2026-05-11T20:10:58.511270
225,61,Masculino,Curitiba,PR,Agressivo,13450.4,10123.75,13726.6,52,324,5,"Renda Fixa, Exterior",Rafael Gomes,Moderado,1.5,487,4.2,1,0,1,276.2000000000007,0,2.0534705287575146,8424.0,1.1904761904761905,0,0,1,0.00064779946,Baixo,2026-05-11T20:10:58.511270
226,41,Masculino,Belo Horizonte,PR,Agressivo,42890.88,34445.57,29853.8,27,130,8,Cripto,Mariana Costa,Comercial,3.8,98,16.8,3,1,1,-13037.08,0,-30.395925660653266,877.5,0.47619047619047616,0,0,0,0.0029299716,Baixo,2026-05-11T20:10:58.511270
227,32,Feminino,Belo Horizonte,PR,Conservador,161995.7,163752.79,191900.17,5,310,4,Ações,Fernanda Alves,Conservador,7.6,213,33.1,11,0,1,29904.47,0,18.460039371415412,129.16666666666666,0.12084592145015105,1,0,1,0.00020494299,Baixo,2026-05-11T20:10:58.511270
228,71,Feminino,Belo Horizonte,SP,Agressivo,30237.46,25048.62,41763.97,58,515,3,"Ações, FIIs",João Pereira,Conservador,6.4,111,24.2,10,0,1,11526.51,0,38.11996774861382,2715.4545454545455,0.12396694214876033,0,0,1,0.00021145448,Baixo,2026-05-11T20:10:58.511270
229,49,Feminino,Curitiba,SP,Moderado,69186.38,60190.12,93081.09,19,93,2,"Cripto, Renda Fixa, Exterior",João Pereira,Comercial,4.5,389,9.6,3,1,1,23894.70999999999,0,34.53672529188547,441.75,0.20833333333333334,0,0,1,5.8163663e-05,Baixo,2026-05-11T20:10:58.511270
230,49,Feminino,Curitiba,PR,Moderado,173067.13,162715.59,201354.82,4,359,9,"Ações, Renda Fixa, FIIs",Lucas Oliveira,Comercial,9.7,203,26.8,42,1,1,28287.69,0,16.34492349876028,33.395348837209305,0.33582089552238803,1,1,1,0.0008675436,Baixo,2026-05-11T20:10:58.511270
231,41,Masculino,Belo Horizonte,SP,Conservador,31830.14,37786.19,21254.6,22,356,0,"Exterior, Ações",Patrícia Rocha,Conservador,7.5,361,19.9,8,1,0,-10575.54,0,-33.224924552640985,870.2222222222222,0.0,0,0,0,0.0011104569,Baixo,2026-05-11T20:10:58.511270
232,58,Feminino,Porto Alegre,RS,Moderado,17464.63,12370.5,12245.45,8,18,2,Fundos,Patrícia Rocha,Comercial,1.1,425,19.0,9,1,0,-5219.18,0,-29.88428612572955,14.4,0.10526315789473684,0,0,0,0.0016717352,Baixo,2026-05-11T20:10:58.511270
233,69,Masculino,Porto Alegre,RS,Conservador,97423.06,106154.83,62777.29,57,261,2,Ações,João Pereira,Conservador,7.6,395,39.0,26,0,1,-34645.77,0,-35.56218620109037,551.0,0.05128205128205128,0,0,0,0.002472849,Baixo,2026-05-11T20:10:58.511270
234,66,Masculino,São Paulo,SP,Conservador,61181.48,67380.75,50886.55,58,213,6,"Ações, Cripto",Patrícia Rocha,Comercial,0.7,199,19.9,5,1,0,-10294.93,0,-16.82687309950658,2059.0,0.30150753768844224,0,0,0,0.0033986191,Baixo,2026-05-11T20:10:58.511270
235,66,Feminino,Rio de Janeiro,PR,Moderado,113118.26,133388.31,81682.17,28,285,6,"Fundos, FIIs, Renda Fixa",Patrícia Rocha,Conservador,6.7,425,1.8,14,0,0,-31436.09,0,-27.790464598730562,532.0,3.333333333333333,0,0,0,0.0062280796,Baixo,2026-05-11T20:10:58.511270
236,69,Masculino,Porto Alegre,SP,Conservador,160957.17,202749.98,134245.24,15,447,0,Cripto,João Pereira,Moderado,2.5,122,3.3,41,1,0,-26711.93000000002,1,-16.595675731624766,159.64285714285714,0.0,0,1,0,0.99388427,Alto,2026-05-11T20:10:58.511270
237,29,Masculino,Curitiba,SP,Moderado,28292.55,20146.64,26780.38,53,393,2,Fundos,Juliana Mendes,Moderado,7.1,118,41.2,30,1,0,-1512.169999999998,0,-5.3447639042786825,671.9032258064516,0.04854368932038835,0,0,0,0.00067918916,Baixo,2026-05-11T20:10:58.511270
238,56,Masculino,Porto Alegre,SP,Agressivo,116559.12,92346.32,168857.39,45,487,7,"FIIs, Cripto",Juliana Mendes,Comercial,3.4,226,46.1,21,1,1,52298.27000000002,0,44.86844959021655,996.1363636363636,0.15184381778741865,0,0,1,0.00026290974,Baixo,2026-05-11T20:10:58.511270
239,19,Masculino,São Paulo,RJ,Agressivo,101596.24,125136.37,116768.47,21,151,8,"Renda Fixa, Cripto, Ações",Ana Souza,Agressivo,8.8,403,33.2,52,0,1,15172.23,1,14.933849914130676,59.83018867924528,0.24096385542168672,0,1,1,0.9838844,Alto,2026-05-11T20:10:58.511270
240,20,Feminino,São Paulo,RS,Conservador,29671.68,28933.19,40100.58,7,283,6,Fundos,Juliana Mendes,Moderado,3.7,51,17.8,5,1,0,10428.9,0,35.14765594668048,330.1666666666667,0.33707865168539325,0,0,1,0.00021900331,Baixo,2026-05-11T20:10:58.511270
241,66,Feminino,Rio de Janeiro,MG,Moderado,125175.7,130026.81,155132.29,58,525,6,"FIIs, Exterior",Ana Souza,Conservador,6.4,358,45.1,32,1,1,29956.59000000001,0,23.931633695677366,922.7272727272727,0.13303769401330376,0,1,1,0.0013465149,Baixo,2026-05-11T20:10:58.511270
242,54,Feminino,Porto Alegre,MG,Moderado,55454.44,60878.79,38887.58,19,438,7,Renda Fixa,Rafael Gomes,Agressivo,3.2,168,32.0,28,1,0,-16566.86,0,-29.874722384717977,286.9655172413793,0.21875,0,0,0,0.003221812,Baixo,2026-05-11T20:10:58.511270
243,66,Feminino,Curitiba,RJ,Agressivo,98079.03,108616.64,123807.94,50,148,5,"Fundos, FIIs, Ações",Bruno Martins,Conservador,9.2,56,40.6,20,0,0,25728.91,0,26.232834888354834,352.3809523809524,0.12315270935960591,0,0,1,0.00013799738,Baixo,2026-05-11T20:10:58.511270
244,73,Masculino,Curitiba,SP,Agressivo,17372.19,21872.36,14724.48,13,293,2,"Exterior, Cripto, FIIs",Fernanda Alves,Conservador,7.9,304,36.9,59,0,1,-2647.709999999999,1,-15.241083593951018,63.483333333333334,0.05420054200542006,0,1,0,0.20645072,Baixo,2026-05-11T20:10:58.511270
245,34,Masculino,Belo Horizonte,RJ,Moderado,92457.23,120025.17,108655.47,38,390,0,"Fundos, Exterior",Bruno Martins,Moderado,2.8,453,18.5,53,1,0,16198.24000000001,1,17.519711546625402,274.44444444444446,0.0,0,1,1,0.97783047,Alto,2026-05-11T20:10:58.511270
246,66,Feminino,Curitiba,RJ,Conservador,61986.23,70174.27,56213.19,36,18,6,"Fundos, Cripto, Renda Fixa",Patrícia Rocha,Comercial,9.5,463,23.2,55,0,1,-5773.040000000001,1,-9.313423319985747,11.571428571428571,0.25862068965517243,0,1,0,0.9891366,Alto,2026-05-11T20:10:58.511270
247,19,Feminino,Rio de Janeiro,PR,Agressivo,164653.86,143632.95,246635.85,49,261,0,FIIs,Carlos Silva,Comercial,3.9,124,9.3,51,1,1,81981.99000000002,0,49.7905059741691,245.94230769230768,0.0,1,1,1,0.0017399464,Baixo,2026-05-11T20:10:58.511270
248,19,Feminino,Rio de Janeiro,RS,Conservador,12338.77,15150.18,10329.97,33,350,0,Fundos,Patrícia Rocha,Conservador,6.7,400,14.4,29,0,1,-2008.800000000001,0,-16.28039099521266,385.0,0.0,0,0,0,0.0007357418,Baixo,2026-05-11T20:10:58.511270
249,45,Masculino,Curitiba,MG,Conservador,84302.85,61501.67,71760.05,10,349,8,Ações,João Pereira,Moderado,7.6,244,37.5,20,1,1,-12542.8,0,-14.878263309010315,166.1904761904762,0.21333333333333335,0,0,0,0.003360198,Baixo,2026-05-11T20:10:58.511270
250,71,Feminino,Curitiba,SP,Agressivo,92227.85,77346.75,132587.22,53,404,9,Ações,João Pereira,Conservador,0.7,236,43.0,35,0,1,40359.37,0,43.760501844074206,594.7777777777778,0.20930232558139536,0,1,1,0.0018255076,Baixo,2026-05-11T20:10:58.511270
251,40,Feminino,Belo Horizonte,MG,Conservador,145276.21,179914.62,90387.95,39,211,6,"Exterior, Renda Fixa",Fernanda Alves,Agressivo,9.6,499,34.9,54,1,1,-54888.25999999999,1,-37.78200160921048,149.61818181818182,0.17191977077363899,0,1,0,0.99974686,Alto,2026-05-11T20:10:58.511270
252,54,Feminino,Curitiba,MG,Conservador,115283.23,98419.01,141454.84,32,176,3,"Renda Fixa, Cripto, Fundos",Mariana Costa,Conservador,3.8,52,22.6,57,0,1,26171.61,0,22.702009650492965,97.10344827586206,0.1327433628318584,0,1,1,0.00017607331,Baixo,2026-05-11T20:10:58.511270
253,49,Masculino,Belo Horizonte,RS,Moderado,133775.26,111353.27,167592.81,30,468,5,Exterior,Mariana Costa,Moderado,2.3,233,4.6,21,0,1,33817.54999999999,0,25.279375274621025,638.1818181818181,1.0869565217391306,0,0,1,0.00011998112,Baixo,2026-05-11T20:10:58.511270
254,50,Masculino,Belo Horizonte,MG,Conservador,155632.81,121841.06,210530.84,58,274,0,"Cripto, FIIs, Renda Fixa",Mariana Costa,Conservador,8.6,384,3.2,45,1,1,54898.03,0,35.274072350168325,345.4782608695652,0.0,1,1,1,0.00017656793,Baixo,2026-05-11T20:10:58.511270
255,18,Masculino,Curitiba,MG,Moderado,172578.39,209763.35,254897.48,53,225,6,"Cripto, Renda Fixa",Juliana Mendes,Moderado,7.2,322,18.3,19,1,0,82319.09,0,47.69953526626363,596.25,0.32786885245901637,1,0,1,0.00022406573,Baixo,2026-05-11T20:10:58.511270
256,36,Masculino,São Paulo,RJ,Agressivo,63461.22,63463.44,93798.33,43,156,5,"Ações, FIIs",Rafael Gomes,Comercial,1.3,417,22.5,21,0,1,30337.11,0,47.804170799111645,304.90909090909093,0.2222222222222222,0,0,1,0.00045183022,Baixo,2026-05-11T20:10:58.511270
257,19,Masculino,São Paulo,RS,Agressivo,108066.52,119406.58,71188.72,33,187,3,"Renda Fixa, Cripto, Ações",Patrícia Rocha,Moderado,1.6,101,29.4,51,1,0,-36877.8,1,-34.12509258186532,118.67307692307692,0.10204081632653061,0,1,0,0.9994661,Alto,2026-05-11T20:10:58.511270
258,70,Masculino,Belo Horizonte,PR,Moderado,168181.51,141850.98,225305.27,49,403,6,"Renda Fixa, Cripto",João Pereira,Agressivo,7.3,312,0.8,59,1,1,57123.75999999998,0,33.96554115847811,329.1166666666667,7.5,1,1,1,0.0010421412,Baixo,2026-05-11T20:10:58.511270
259,61,Masculino,Curitiba,SP,Agressivo,197900.78,228540.62,233855.18,6,76,2,"FIIs, Renda Fixa",Carlos Silva,Moderado,1.2,417,47.5,39,1,0,35954.39999999999,0,18.167892011340225,11.4,0.042105263157894736,1,1,1,0.013072593,Baixo,2026-05-11T20:10:58.511270
260,43,Masculino,São Paulo,MG,Conservador,178014.34,205785.17,210521.17,57,422,0,"Cripto, FIIs, Exterior",Carlos Silva,Agressivo,9.2,182,17.8,10,1,1,32506.83000000002,0,18.260792922637588,2186.7272727272725,0.0,1,0,1,0.0006415579,Baixo,2026-05-11T20:10:58.511270
261,49,Feminino,Curitiba,SP,Conservador,74921.99,66497.67,53607.8,48,287,3,"Cripto, FIIs, Fundos",Carlos Silva,Agressivo,7.5,274,40.8,46,0,1,-21314.19,1,-28.44851024378824,293.1063829787234,0.07352941176470588,0,1,0,0.9986726,Alto,2026-05-11T20:10:58.511270
262,23,Feminino,Curitiba,PR,Conservador,39838.14,37703.2,47214.91,53,78,2,"Ações, Renda Fixa, Fundos",Mariana Costa,Conservador,3.7,359,25.9,30,1,1,7376.770000000004,0,18.516853447475217,133.3548387096774,0.07722007722007722,0,0,1,0.000360272,Baixo,2026-05-11T20:10:58.511270
263,49,Masculino,Curitiba,SP,Agressivo,98389.11,81251.12,146032.49,22,359,0,"Cripto, Ações, Renda Fixa",Fernanda Alves,Agressivo,3.9,110,6.7,50,0,0,47643.37999999999,0,48.423428161917506,154.86274509803923,0.0,0,1,1,0.00043920774,Baixo,2026-05-11T20:10:58.511270
264,72,Masculino,Porto Alegre,PR,Conservador,148586.65,191073.01,211087.65,45,501,1,Ações,Mariana Costa,Moderado,5.3,414,38.4,39,0,0,62501.0,0,42.06367126521797,563.625,0.026041666666666668,1,1,1,0.0009674025,Baixo,2026-05-11T20:10:58.511270
265,21,Feminino,Curitiba,RJ,Agressivo,99021.25,107671.9,98547.69,55,332,4,"Renda Fixa, Exterior",João Pereira,Comercial,3.9,65,34.2,12,1,1,-473.5599999999977,0,-0.478240781650401,1404.6153846153845,0.11695906432748537,0,0,0,0.0024003044,Baixo,2026-05-11T20:10:58.511270
266,72,Masculino,Porto Alegre,MG,Conservador,97152.99,122483.33,61784.75,6,539,7,"Renda Fixa, Cripto",Patrícia Rocha,Moderado,7.9,278,25.6,17,1,0,-35368.24000000001,0,-36.40468502307546,179.66666666666666,0.2734375,0,0,0,0.009293135,Baixo,2026-05-11T20:10:58.511270
267,28,Masculino,Belo Horizonte,PR,Moderado,167807.85,148011.78,155400.83,53,584,0,"Exterior, FIIs, Fundos",Patrícia Rocha,Comercial,9.8,244,24.9,21,0,1,-12407.02000000002,0,-7.393587367933037,1406.909090909091,0.0,0,0,0,0.00022364932,Baixo,2026-05-11T20:10:58.511270
268,73,Masculino,São Paulo,SP,Agressivo,72919.35,85252.53,97985.47,24,451,3,"Exterior, Fundos",Fernanda Alves,Agressivo,6.1,300,4.7,55,1,0,25066.12,0,34.37512813814165,193.28571428571428,0.6382978723404255,0,1,1,0.0016042687,Baixo,2026-05-11T20:10:58.511270
269,34,Feminino,São Paulo,MG,Agressivo,172099.14,199551.57,211914.14,2,377,3,"Fundos, FIIs",Rafael Gomes,Conservador,4.7,492,31.7,16,1,0,39815.0,0,23.134920953120393,44.35294117647059,0.09463722397476342,1,0,1,0.00018336886,Baixo,2026-05-11T20:10:58.511270
270,55,Feminino,São Paulo,RJ,Conservador,81954.16,91378.35,83053.11,58,366,4,Cripto,Juliana Mendes,Agressivo,2.6,352,43.8,37,0,0,1098.949999999997,1,1.3409325408252577,558.6315789473684,0.09132420091324202,0,1,1,0.97051805,Alto,2026-05-11T20:10:58.511270
271,41,Feminino,São Paulo,MG,Agressivo,66318.39,84846.65,43079.85,37,97,6,"Cripto, Ações",Carlos Silva,Agressivo,6.7,97,4.9,24,0,1,-23238.54,0,-35.04086875450385,143.56,1.2244897959183672,0,0,0,0.010432087,Baixo,2026-05-11T20:10:58.511270
272,22,Feminino,São Paulo,PR,Agressivo,91343.99,85510.14,89901.23,19,325,7,"Fundos, Ações",Patrícia Rocha,Comercial,7.0,284,13.0,31,0,0,-1442.760000000009,0,-1.5794799417017027,192.96875,0.5384615384615384,0,1,0,0.028972473,Baixo,2026-05-11T20:10:58.511270
273,69,Feminino,São Paulo,RJ,Moderado,152726.94,118887.29,156105.63,33,328,5,"FIIs, Cripto",Fernanda Alves,Moderado,7.0,170,43.4,14,1,0,3378.690000000002,0,2.212242319527912,721.6,0.1152073732718894,0,0,1,0.0001564031,Baixo,2026-05-11T20:10:58.511270
274,51,Masculino,São Paulo,SP,Moderado,26074.4,28760.72,37435.02,48,388,0,"Ações, Exterior",Carlos Silva,Conservador,0.8,369,14.0,12,1,1,11360.62,0,43.57001503390296,1432.6153846153845,0.0,0,0,1,0.00052455236,Baixo,2026-05-11T20:10:58.511270
275,23,Feminino,Belo Horizonte,RJ,Conservador,40087.42,45602.88,47181.99,43,579,6,"Ações, Renda Fixa",Mariana Costa,Conservador,9.0,99,31.6,57,0,1,7094.57,0,17.69774657486064,429.2586206896552,0.18987341772151897,0,1,1,0.028109828,Baixo,2026-05-11T20:10:58.511270
276,39,Masculino,Curitiba,RJ,Moderado,190337.52,198909.63,167589.83,43,350,2,"Exterior, Cripto",Lucas Oliveira,Conservador,3.7,90,25.9,25,0,0,-22747.69,0,-11.951237990281687,578.8461538461538,0.07722007722007722,0,0,0,0.0012454102,Baixo,2026-05-11T20:10:58.511270
277,28,Masculino,Rio de Janeiro,RS,Conservador,35922.83,29603.67,38537.52,29,107,5,"Exterior, Ações",Bruno Martins,Conservador,7.6,71,28.8,49,1,0,2614.689999999995,0,7.278630330628169,62.06,0.1736111111111111,0,1,1,0.031061945,Baixo,2026-05-11T20:10:58.511270
278,65,Feminino,Porto Alegre,RJ,Conservador,113977.74,114282.47,75162.6,16,219,7,Renda Fixa,Patrícia Rocha,Moderado,7.7,420,20.2,10,1,1,-38815.14,0,-34.05501811143123,318.54545454545456,0.34653465346534656,0,0,0,0.0053786817,Baixo,2026-05-11T20:10:58.511270
279,33,Feminino,Rio de Janeiro,RJ,Conservador,116283.58,103180.03,171554.49,58,196,6,Exterior,Rafael Gomes,Conservador,6.7,231,14.7,12,1,1,55270.90999999999,0,47.53113896218192,874.4615384615385,0.40816326530612246,0,0,1,7.801582e-05,Baixo,2026-05-11T20:10:58.511270
280,50,Masculino,Rio de Janeiro,MG,Agressivo,98435.27,94151.36,90959.5,9,198,9,"Ações, Exterior, Fundos",Fernanda Alves,Comercial,4.3,54,2.8,32,0,1,-7475.770000000004,1,-7.594605063815036,54.0,3.2142857142857144,0,1,0,0.9529016,Alto,2026-05-11T20:10:58.511270
281,26,Masculino,Curitiba,SP,Moderado,129304.3,140570.73,133193.85,34,384,5,FIIs,Juliana Mendes,Comercial,6.3,194,35.9,49,1,1,3889.550000000003,1,3.008059283411304,261.12,0.1392757660167131,0,1,1,0.9026573,Alto,2026-05-11T20:10:58.511270
282,23,Masculino,Curitiba,MG,Conservador,46735.52,53611.66,42985.26,19,407,8,"Renda Fixa, Fundos, Cripto",Rafael Gomes,Conservador,0.9,406,35.9,36,1,1,-3750.259999999995,1,-8.024431952399363,209.0,0.22284122562674097,0,1,0,0.992308,Alto,2026-05-11T20:10:58.511270
283,33,Feminino,Curitiba,MG,Moderado,110979.79,93149.2,134758.38,17,15,8,"Cripto, Fundos",Mariana Costa,Conservador,7.7,127,32.4,37,0,0,23778.59000000001,0,21.42605423924483,6.7105263157894735,0.2469135802469136,0,1,1,0.001865988,Baixo,2026-05-11T20:10:58.511270
284,46,Feminino,São Paulo,PR,Conservador,75062.48,70798.57,89775.4,44,191,0,FIIs,Patrícia Rocha,Moderado,1.4,280,31.1,0,1,1,14712.92,0,19.600897812062694,8404.0,0.0,0,0,1,0.00042696038,Baixo,2026-05-11T20:10:58.511270
285,20,Feminino,Belo Horizonte,MG,Moderado,132671.78,114296.33,165015.84,43,19,0,Ações,João Pereira,Moderado,4.3,346,12.1,38,0,1,32344.06,0,24.379005090607812,20.94871794871795,0.0,0,1,1,0.00073101034,Baixo,2026-05-11T20:10:58.511270
286,37,Feminino,São Paulo,RS,Moderado,29103.49,23840.97,24485.61,26,301,0,"Fundos, FIIs",Mariana Costa,Conservador,1.5,397,1.6,26,1,0,-4617.880000000001,0,-15.867100474891501,289.85185185185185,0.0,0,0,0,0.0003449492,Baixo,2026-05-11T20:10:58.511270
287,53,Feminino,Belo Horizonte,RS,Conservador,114604.61,134091.1,101322.12,58,415,7,"Cripto, Ações, Exterior",Juliana Mendes,Moderado,8.5,258,38.9,35,0,1,-13282.49000000001,1,-11.589839187097278,668.6111111111111,0.17994858611825193,0,1,0,0.9974298,Alto,2026-05-11T20:10:58.511270
288,36,Masculino,Belo Horizonte,PR,Agressivo,37868.8,47167.55,26990.08,58,589,9,Cripto,Mariana Costa,Agressivo,5.7,212,23.8,31,0,1,-10878.72,1,-28.727395639682275,1067.5625,0.37815126050420167,0,1,0,0.97194856,Alto,2026-05-11T20:10:58.511270
289,43,Feminino,Rio de Janeiro,SP,Moderado,56449.97,52054.74,67173.15,48,56,6,Fundos,Fernanda Alves,Conservador,7.1,217,15.1,40,0,1,10723.17999999999,0,18.995900263543085,65.5609756097561,0.3973509933774835,0,1,1,0.011217295,Baixo,2026-05-11T20:10:58.511270
290,20,Masculino,Rio de Janeiro,SP,Agressivo,44523.25,51235.9,28308.66,35,32,2,Ações,Rafael Gomes,Moderado,7.0,327,5.3,14,1,0,-16214.59,0,-36.41825338446766,74.66666666666667,0.37735849056603776,0,0,0,0.0055465307,Baixo,2026-05-11T20:10:58.511270
291,36,Masculino,Belo Horizonte,MG,Agressivo,37384.72,46289.65,42540.6,22,581,1,"FIIs, Exterior",Fernanda Alves,Comercial,8.5,286,3.5,30,1,1,5155.879999999997,0,13.791409966424778,412.3225806451613,0.2857142857142857,0,0,1,0.000174727,Baixo,2026-05-11T20:10:58.511270
292,37,Masculino,Belo Horizonte,MG,Conservador,165316.48,199648.5,228587.44,31,21,3,Cripto,Carlos Silva,Conservador,1.8,225,17.1,5,1,1,63270.95999999999,0,38.27262714521867,108.5,0.17543859649122806,1,0,1,0.0003203606,Baixo,2026-05-11T20:10:58.511270
293,49,Feminino,São Paulo,MG,Conservador,57855.81,46845.16,81099.32,9,355,2,"Renda Fixa, Ações",Lucas Oliveira,Conservador,6.8,102,38.7,24,1,1,23243.51000000001,0,40.17489341174207,127.8,0.05167958656330749,0,0,1,5.7040914e-05,Baixo,2026-05-11T20:10:58.511270
294,24,Feminino,São Paulo,SP,Conservador,185497.63,236282.27,186264.47,10,432,6,"Exterior, Ações",Rafael Gomes,Comercial,6.0,398,44.1,48,0,1,766.8399999999965,1,0.41339611724419145,88.16326530612245,0.13605442176870747,1,1,1,0.990315,Alto,2026-05-11T20:10:58.511270
295,69,Feminino,Rio de Janeiro,RJ,Moderado,194015.38,179659.38,196610.01,37,233,9,"Cripto, Renda Fixa",Lucas Oliveira,Comercial,0.8,59,43.1,51,1,0,2594.630000000005,0,1.337332122845109,165.78846153846155,0.2088167053364269,1,1,1,0.026542868,Baixo,2026-05-11T20:10:58.511270
296,58,Masculino,Curitiba,RS,Conservador,114680.83,103619.22,76752.7,5,214,7,"Exterior, Fundos, FIIs",Fernanda Alves,Moderado,2.4,195,44.2,17,1,0,-37928.13,0,-33.07277249388586,59.44444444444444,0.1583710407239819,0,0,0,0.001990834,Baixo,2026-05-11T20:10:58.511270
297,50,Masculino,Belo Horizonte,RJ,Conservador,29457.22,21723.49,35457.32,58,435,5,"Exterior, Ações",João Pereira,Comercial,3.0,276,43.6,21,0,1,6000.099999999999,0,20.36886033373142,1146.8181818181818,0.1146788990825688,0,0,1,0.00024185436,Baixo,2026-05-11T20:10:58.511270
298,57,Masculino,São Paulo,RJ,Moderado,75535.1,74908.48,101151.58,40,298,2,"Cripto, Ações",Patrícia Rocha,Agressivo,1.2,285,25.5,30,0,1,25616.48,0,33.913346245652676,384.51612903225805,0.0784313725490196,0,0,1,0.0001427906,Baixo,2026-05-11T20:10:58.511270
299,56,Masculino,Rio de Janeiro,SP,Moderado,159748.72,122272.98,131024.23,46,586,5,"Exterior, Ações, Cripto",Juliana Mendes,Conservador,3.9,291,10.9,35,0,1,-28724.49000000001,0,-17.98104548192937,748.7777777777778,0.4587155963302752,0,1,0,0.01115742,Baixo,2026-05-11T20:10:58.511270
300,35,Masculino,São Paulo,RJ,Conservador,74110.76,62929.22,72567.09,33,108,1,"Exterior, Ações",Mariana Costa,Agressivo,0.8,354,38.4,8,0,1,-1543.669999999998,0,-2.0829229115987995,396.0,0.026041666666666668,0,0,0,0.00018377475,Baixo,2026-05-11T20:10:58.511270
301,57,Masculino,Belo Horizonte,PR,Conservador,18316.43,16304.66,24817.95,35,208,6,"Renda Fixa, FIIs, Exterior",Mariana Costa,Moderado,5.8,120,10.7,45,1,1,6501.52,0,35.495563272974046,158.2608695652174,0.5607476635514019,0,1,1,0.0005730521,Baixo,2026-05-11T20:10:58.511270
302,18,Feminino,Belo Horizonte,MG,Conservador,111800.2,132516.31,155336.14,36,57,9,Ações,Lucas Oliveira,Comercial,2.5,207,13.2,2,0,1,43535.94000000002,0,38.940842681855685,684.0,0.6818181818181819,0,0,1,0.00034774456,Baixo,2026-05-11T20:10:58.511270
303,28,Feminino,Porto Alegre,PR,Conservador,169179.05,207293.94,138534.29,16,379,6,"Cripto, Exterior",Juliana Mendes,Conservador,3.2,68,11.6,32,1,1,-30644.75999999998,1,-18.113803097960403,183.75757575757575,0.5172413793103449,0,1,0,0.91667145,Alto,2026-05-11T20:10:58.511270
304,45,Feminino,Curitiba,RS,Agressivo,159389.35,140498.49,174613.2,39,58,3,"Ações, Cripto",Rafael Gomes,Comercial,9.1,104,25.0,26,1,0,15223.85000000001,0,9.551359610915036,83.77777777777777,0.12,0,0,1,0.00010210903,Baixo,2026-05-11T20:10:58.511270
305,74,Feminino,Porto Alegre,MG,Agressivo,35849.5,43564.99,27720.4,39,280,7,Exterior,Patrícia Rocha,Comercial,5.3,493,15.8,42,0,1,-8129.099999999999,1,-22.675630064575515,253.95348837209303,0.4430379746835443,0,1,0,0.9892441,Alto,2026-05-11T20:10:58.511270
306,42,Masculino,Rio de Janeiro,RJ,Conservador,134880.16,163790.18,93295.38,53,339,3,FIIs,Bruno Martins,Moderado,3.1,264,7.8,0,0,0,-41584.78,0,-30.830909453250943,17967.0,0.38461538461538464,0,0,0,0.004792358,Baixo,2026-05-11T20:10:58.511270
307,67,Masculino,São Paulo,RS,Agressivo,44880.35,52006.93,63730.48,11,35,6,Fundos,Lucas Oliveira,Moderado,6.2,258,22.0,43,0,0,18850.13,0,42.00085338015413,8.75,0.2727272727272727,0,1,1,0.000770574,Baixo,2026-05-11T20:10:58.511270
308,40,Feminino,Rio de Janeiro,MG,Moderado,44423.3,35006.32,59458.67,20,139,3,Cripto,Rafael Gomes,Moderado,2.4,70,42.0,56,0,1,15035.37,0,33.84568458444103,48.771929824561404,0.07142857142857142,0,1,1,0.00092379126,Baixo,2026-05-11T20:10:58.511270
309,48,Masculino,Belo Horizonte,RJ,Agressivo,174940.28,194917.36,224628.81,39,62,4,"Renda Fixa, Cripto",Rafael Gomes,Moderado,1.2,331,27.6,8,0,0,49688.53,0,28.403138488174363,268.6666666666667,0.14492753623188406,1,0,1,0.00024574407,Baixo,2026-05-11T20:10:58.511270
310,47,Feminino,Porto Alegre,PR,Agressivo,50684.12,64217.51,32634.98,18,109,6,FIIs,Juliana Mendes,Conservador,0.7,298,42.2,4,1,0,-18049.14,0,-35.61103556695865,392.4,0.14218009478672985,0,0,0,0.0022297313,Baixo,2026-05-11T20:10:58.511270
311,59,Feminino,Porto Alegre,MG,Conservador,53386.22,59233.31,72570.87,2,270,9,"Ações, Renda Fixa",Juliana Mendes,Agressivo,9.5,77,9.8,14,0,0,19184.64999999999,0,35.93558412639066,36.0,0.9183673469387754,0,0,1,0.00018863911,Baixo,2026-05-11T20:10:58.511270
312,52,Feminino,Porto Alegre,RJ,Agressivo,1130.02,1015.85,1123.51,17,526,2,Renda Fixa,Ana Souza,Agressivo,7.4,472,8.4,49,1,1,-6.509999999999991,0,-0.5760959983009142,178.84,0.23809523809523808,0,1,0,0.018317368,Baixo,2026-05-11T20:10:58.511270
313,24,Masculino,Rio de Janeiro,PR,Agressivo,174263.14,174323.71,158258.05,52,500,9,"FIIs, Ações",Mariana Costa,Conservador,8.1,466,27.8,8,0,0,-16005.09000000003,0,-9.18443797121986,2888.8888888888887,0.3237410071942446,0,0,0,0.0044718795,Baixo,2026-05-11T20:10:58.511270
314,33,Feminino,Belo Horizonte,RS,Agressivo,158726.37,172604.61,173302.01,50,257,4,"Ações, Exterior, Renda Fixa",Patrícia Rocha,Comercial,9.8,345,22.5,44,1,0,14575.64000000001,0,9.18287238598099,285.55555555555554,0.17777777777777778,0,1,1,0.043365303,Baixo,2026-05-11T20:10:58.511270
315,43,Feminino,São Paulo,RS,Agressivo,125838.46,126636.56,85849.25,18,299,2,"FIIs, Cripto, Exterior",Carlos Silva,Conservador,9.4,260,31.9,27,1,1,-39989.21000000001,0,-31.778209936771322,192.21428571428572,0.06269592476489029,0,0,0,0.0033633183,Baixo,2026-05-11T20:10:58.511270
316,65,Feminino,São Paulo,RS,Moderado,150302.89,116029.59,192535.28,46,162,4,"FIIs, Ações",Lucas Oliveira,Agressivo,7.5,334,38.2,12,1,1,42232.38999999998,0,28.098188930365865,573.2307692307693,0.10471204188481674,1,0,1,0.00016918332,Baixo,2026-05-11T20:10:58.511270
317,74,Masculino,Rio de Janeiro,RS,Conservador,31257.66,27733.0,35139.6,5,553,2,Cripto,Patrícia Rocha,Agressivo,7.1,69,36.2,23,0,0,3881.939999999999,0,12.41916381456577,115.20833333333333,0.055248618784530384,0,0,1,0.00023882686,Baixo,2026-05-11T20:10:58.511270
318,69,Masculino,Porto Alegre,SP,Conservador,92206.4,108936.11,70808.16,15,71,9,Ações,Ana Souza,Conservador,3.7,69,45.3,44,0,1,-21398.23999999999,1,-23.206892363219897,23.666666666666668,0.19867549668874174,0,1,0,0.99484056,Alto,2026-05-11T20:10:58.511270
319,66,Feminino,Curitiba,MG,Moderado,70892.66,86265.79,54545.45,7,303,6,"Ações, Fundos, FIIs",Ana Souza,Moderado,1.5,379,19.4,58,0,1,-16347.21000000001,1,-23.0591008998675,35.94915254237288,0.30927835051546393,0,1,0,0.9970843,Alto,2026-05-11T20:10:58.511270
320,19,Masculino,Rio de Janeiro,MG,Agressivo,19661.53,15382.79,15057.27,47,467,0,FIIs,Patrícia Rocha,Comercial,6.0,445,10.3,9,1,0,-4604.259999999998,0,-23.41760788707694,2194.9,0.0,0,0,0,0.00031601725,Baixo,2026-05-11T20:10:58.511270
321,18,Masculino,Rio de Janeiro,SP,Moderado,97739.97,124269.73,63658.25,17,105,8,"FIIs, Fundos, Exterior",Juliana Mendes,Conservador,6.0,169,26.7,41,1,0,-34081.72,1,-34.86978766209975,42.5,0.299625468164794,0,1,0,0.9991749,Alto,2026-05-11T20:10:58.511270
322,65,Masculino,Belo Horizonte,RJ,Agressivo,184227.19,165305.87,207995.92,51,60,8,"Ações, FIIs",Rafael Gomes,Agressivo,9.5,146,5.8,21,0,0,23768.73000000001,0,12.901857755090337,139.0909090909091,1.3793103448275863,1,0,1,0.00016370257,Baixo,2026-05-11T20:10:58.511270
323,29,Masculino,São Paulo,RJ,Moderado,8971.76,9845.5,12168.52,47,336,4,"Ações, FIIs",Bruno Martins,Moderado,4.7,169,14.2,38,0,1,3196.76,0,35.6313588415205,404.9230769230769,0.28169014084507044,0,1,1,0.01780007,Baixo,2026-05-11T20:10:58.511270
324,22,Masculino,Rio de Janeiro,RS,Conservador,59000.72,67915.44,36329.6,42,397,8,"Cripto, Fundos",Patrícia Rocha,Comercial,7.1,74,10.4,59,1,0,-22671.12,1,-38.42515820145924,277.9,0.7692307692307692,0,1,0,0.99943036,Alto,2026-05-11T20:10:58.511270
325,54,Masculino,Rio de Janeiro,PR,Conservador,42300.65,50217.97,27246.03,38,385,9,"Exterior, Ações, Fundos",Lucas Oliveira,Agressivo,6.0,202,19.3,21,1,0,-15054.62,0,-35.58957131864404,665.0,0.46632124352331605,0,0,0,0.007947474,Baixo,2026-05-11T20:10:58.511270
326,49,Masculino,Porto Alegre,RJ,Conservador,48391.18,61333.39,53980.03,48,96,5,FIIs,Carlos Silva,Comercial,2.2,294,5.8,36,0,1,5588.849999999999,1,11.549315391771803,124.54054054054055,0.8620689655172414,0,1,1,0.09051367,Baixo,2026-05-11T20:10:58.511270
327,72,Masculino,Porto Alegre,PR,Agressivo,181778.48,161374.16,243137.1,48,451,4,Renda Fixa,Mariana Costa,Moderado,6.1,309,2.0,51,0,1,61358.62,0,33.75461165700142,416.3076923076923,2.0,1,1,1,0.00057877507,Baixo,2026-05-11T20:10:58.511270
328,26,Masculino,Curitiba,MG,Agressivo,94145.74,114396.85,84172.41,11,113,2,"FIIs, Renda Fixa",Ana Souza,Agressivo,5.6,53,31.7,38,0,1,-9973.330000000002,1,-10.593501097341209,31.871794871794872,0.06309148264984227,0,1,0,0.9727949,Alto,2026-05-11T20:10:58.511270
329,58,Masculino,Belo Horizonte,PR,Moderado,93793.58,73066.34,85788.58,44,321,7,Renda Fixa,João Pereira,Moderado,5.2,442,29.5,19,1,1,-8005.0,0,-8.534699283255847,706.2,0.23728813559322035,0,0,0,0.0012459714,Baixo,2026-05-11T20:10:58.511270
330,52,Feminino,Curitiba,MG,Moderado,152354.55,171097.9,173183.22,9,172,3,"Exterior, Renda Fixa",João Pereira,Conservador,5.4,192,34.1,9,1,0,20828.67000000001,0,13.671183433642128,154.8,0.0879765395894428,0,0,1,0.00019539466,Baixo,2026-05-11T20:10:58.511270
331,36,Feminino,Porto Alegre,SP,Conservador,31743.95,36352.75,26880.51,6,439,9,FIIs,Rafael Gomes,Conservador,2.1,331,31.9,9,0,0,-4863.440000000002,0,-15.320840664126557,263.4,0.2821316614420063,0,0,0,0.00240186,Baixo,2026-05-11T20:10:58.511270
332,65,Masculino,São Paulo,SP,Agressivo,97965.81,108412.29,61125.53,45,446,2,Fundos,Juliana Mendes,Comercial,4.9,384,5.9,25,0,0,-36840.28,0,-37.60524207373981,771.9230769230769,0.3389830508474576,0,0,0,0.0017898491,Baixo,2026-05-11T20:10:58.511270
333,33,Feminino,Porto Alegre,RS,Moderado,86567.06,73702.23,109222.15,54,222,5,Exterior,Mariana Costa,Moderado,6.3,395,14.3,24,0,1,22655.09,0,26.170566494923126,479.52,0.34965034965034963,0,0,1,0.00021135429,Baixo,2026-05-11T20:10:58.511270
334,20,Feminino,Belo Horizonte,RJ,Agressivo,119785.23,146596.27,139320.39,0,226,7,"Renda Fixa, Ações, Exterior",Ana Souza,Moderado,5.1,269,6.7,52,0,0,19535.16000000002,1,16.30848811660671,0.0,1.044776119402985,0,1,1,0.9898275,Alto,2026-05-11T20:10:58.511270
335,37,Masculino,Porto Alegre,RS,Agressivo,199911.98,160192.48,224437.26,48,532,8,Ações,João Pereira,Comercial,5.1,376,40.5,55,0,1,24525.28,0,12.268039164036091,456.0,0.19753086419753085,1,1,1,0.0032738866,Baixo,2026-05-11T20:10:58.511270
336,41,Masculino,Belo Horizonte,MG,Conservador,154120.33,112843.96,195349.94,35,282,5,"Exterior, FIIs",João Pereira,Comercial,1.2,209,36.0,27,1,1,41229.61000000002,0,26.751571320928274,352.5,0.1388888888888889,1,0,1,7.79625e-05,Baixo,2026-05-11T20:10:58.511270
337,71,Masculino,Belo Horizonte,RS,Conservador,80175.27,90636.46,96828.3,20,573,4,"Renda Fixa, Exterior",Bruno Martins,Comercial,2.3,125,10.1,12,0,1,16653.03,0,20.770781314487618,881.5384615384615,0.39603960396039606,0,0,1,0.0011019444,Baixo,2026-05-11T20:10:58.511270
338,73,Feminino,Belo Horizonte,PR,Agressivo,165683.06,163245.1,130109.88,36,578,1,"Ações, FIIs",Patrícia Rocha,Conservador,3.5,148,16.7,14,1,0,-35573.17999999999,0,-21.47061986904394,1387.2,0.059880239520958084,0,0,0,0.00050502986,Baixo,2026-05-11T20:10:58.511270
339,50,Feminino,Belo Horizonte,MG,Agressivo,34970.96,42295.94,32076.52,51,470,1,"Renda Fixa, FIIs",Fernanda Alves,Comercial,4.5,229,46.4,59,1,1,-2894.439999999999,1,-8.276695864225628,399.5,0.021551724137931036,0,1,0,0.993676,Alto,2026-05-11T20:10:58.511270
340,41,Masculino,Belo Horizonte,SP,Agressivo,7062.27,6568.18,5038.92,23,588,8,"Exterior, Renda Fixa",Mariana Costa,Conservador,6.1,176,28.7,59,1,0,-2023.35,1,-28.650136570819303,225.4,0.2787456445993031,0,1,0,0.9944338,Alto,2026-05-11T20:10:58.511270
341,69,Masculino,São Paulo,RJ,Agressivo,41685.23,33388.5,29882.95,54,34,1,FIIs,Fernanda Alves,Comercial,8.7,81,38.6,5,1,0,-11802.28,0,-28.31285805547913,306.0,0.025906735751295335,0,0,0,0.0010218862,Baixo,2026-05-11T20:10:58.511270
342,28,Masculino,Curitiba,MG,Conservador,68741.9,82618.51,83079.82,24,363,1,"Exterior, Ações",Carlos Silva,Moderado,2.0,314,13.1,51,1,0,14337.92000000001,0,20.857613769767806,167.53846153846155,0.07633587786259542,0,1,1,0.028052444,Baixo,2026-05-11T20:10:58.511270
343,66,Feminino,Rio de Janeiro,MG,Moderado,102605.57,105616.61,140850.78,6,292,2,"FIIs, Renda Fixa, Fundos",Juliana Mendes,Moderado,0.6,383,10.5,11,1,1,38245.20999999999,0,37.27400958836834,146.0,0.19047619047619047,0,0,1,9.660372e-05,Baixo,2026-05-11T20:10:58.511270
344,25,Feminino,Curitiba,PR,Conservador,123410.7,100396.76,180976.77,41,90,2,Cripto,Patrícia Rocha,Comercial,4.8,62,37.7,18,1,0,57566.06999999999,0,46.64593102542972,194.21052631578948,0.05305039787798408,0,0,1,6.2235034e-05,Baixo,2026-05-11T20:10:58.511270
345,53,Feminino,Belo Horizonte,RJ,Moderado,182210.54,206304.31,212368.64,16,238,3,"Ações, Exterior",Carlos Silva,Comercial,4.6,489,33.1,31,1,0,30158.10000000001,0,16.551237925094785,119.0,0.09063444108761329,1,1,1,0.0031228098,Baixo,2026-05-11T20:10:58.511270
346,55,Feminino,São Paulo,SP,Agressivo,102460.95,103144.18,78453.45,28,317,6,"Ações, Renda Fixa, Cripto",Lucas Oliveira,Conservador,5.7,429,32.8,10,0,1,-24007.5,0,-23.430877812473923,806.9090909090909,0.1829268292682927,0,0,0,0.005506226,Baixo,2026-05-11T20:10:58.511270
347,57,Masculino,Porto Alegre,MG,Moderado,100753.85,107059.81,70032.52,29,369,8,"FIIs, Renda Fixa, Cripto",Ana Souza,Agressivo,8.4,477,26.8,37,0,0,-30721.33,1,-30.491470053005422,281.60526315789474,0.29850746268656714,0,1,0,0.99940777,Alto,2026-05-11T20:10:58.511270
348,37,Masculino,São Paulo,MG,Conservador,10998.36,10740.33,14645.04,6,273,1,Renda Fixa,Fernanda Alves,Conservador,8.1,401,27.3,32,0,1,3646.68,0,33.15657970824741,49.63636363636363,0.03663003663003663,0,1,1,0.0006873603,Baixo,2026-05-11T20:10:58.511270
349,52,Masculino,Belo Horizonte,PR,Conservador,7947.4,9514.83,8908.09,32,135,3,FIIs,Rafael Gomes,Moderado,1.5,388,35.4,1,0,0,960.6900000000005,0,12.088104285678341,2160.0,0.08474576271186442,0,0,1,0.00017404593,Baixo,2026-05-11T20:10:58.511270
350,65,Masculino,São Paulo,RS,Agressivo,110680.83,132566.59,127997.57,6,355,8,Exterior,Lucas Oliveira,Comercial,9.4,463,13.3,54,0,1,17316.74000000001,1,15.645654265512832,38.72727272727273,0.6015037593984962,0,1,1,0.95550066,Alto,2026-05-11T20:10:58.511270
351,42,Feminino,São Paulo,SP,Conservador,88197.54,99278.09,114949.25,57,184,1,"Fundos, Renda Fixa, Ações",Mariana Costa,Moderado,1.5,449,17.3,14,1,1,26751.71000000001,0,30.331582944376915,699.2,0.057803468208092484,0,0,1,0.0002882671,Baixo,2026-05-11T20:10:58.511270
352,52,Feminino,Belo Horizonte,RJ,Agressivo,167996.9,128222.09,207131.69,23,484,9,Exterior,Ana Souza,Agressivo,6.5,445,41.9,35,1,1,39134.79000000001,0,23.294947704392168,309.22222222222223,0.21479713603818618,1,1,1,0.0006109559,Baixo,2026-05-11T20:10:58.511270
353,42,Masculino,São Paulo,MG,Conservador,32975.24,39679.51,44549.96,10,167,0,"Fundos, Renda Fixa",João Pereira,Conservador,6.9,251,15.2,4,1,1,11574.72,0,35.10124566189663,334.0,0.0,0,0,1,7.2116396e-05,Baixo,2026-05-11T20:10:58.511270
354,46,Masculino,Rio de Janeiro,MG,Conservador,5969.36,6581.86,3883.62,8,100,9,"Ações, FIIs, Renda Fixa",Fernanda Alves,Moderado,7.0,499,26.4,14,1,1,-2085.74,0,-34.94076416902314,53.333333333333336,0.34090909090909094,0,0,0,0.003187878,Baixo,2026-05-11T20:10:58.511270
355,35,Feminino,Rio de Janeiro,SP,Agressivo,90358.71,101040.42,115005.73,11,514,7,Ações,Patrícia Rocha,Conservador,3.0,67,33.9,42,1,0,24647.01999999999,0,27.276861300919396,131.48837209302326,0.20648967551622419,0,1,1,0.00013897616,Baixo,2026-05-11T20:10:58.511270
356,63,Masculino,São Paulo,RS,Moderado,48258.23,44290.91,65909.52,34,369,8,"Renda Fixa, Ações, Exterior",Patrícia Rocha,Comercial,3.6,446,48.0,9,0,0,17651.29,0,36.57674556236314,1254.6,0.16666666666666666,0,0,1,0.00024903633,Baixo,2026-05-11T20:10:58.511270
357,35,Feminino,Porto Alegre,MG,Conservador,10873.26,13347.66,9324.05,3,357,6,"Exterior, Renda Fixa",Lucas Oliveira,Moderado,5.7,142,21.2,16,0,0,-1549.210000000001,0,-14.247888857619525,63.0,0.2830188679245283,0,0,0,0.0006564088,Baixo,2026-05-11T20:10:58.511270
358,19,Masculino,Belo Horizonte,SP,Moderado,145195.06,164828.77,170807.84,35,440,7,"Renda Fixa, FIIs",Lucas Oliveira,Agressivo,2.4,329,20.8,33,1,0,25612.78,0,17.64025580484625,452.94117647058823,0.3365384615384615,0,1,1,0.0016628822,Baixo,2026-05-11T20:10:58.511270
359,71,Masculino,Rio de Janeiro,PR,Conservador,23207.01,17812.64,20485.89,27,87,3,Fundos,Juliana Mendes,Conservador,0.7,407,40.5,51,0,1,-2721.119999999999,0,-11.72542262014796,45.17307692307692,0.07407407407407407,0,1,0,0.04127815,Baixo,2026-05-11T20:10:58.511270
360,52,Masculino,Porto Alegre,RS,Conservador,122055.58,115301.86,178466.49,56,229,3,Fundos,João Pereira,Conservador,5.8,445,38.8,23,0,1,56410.90999999999,0,46.21739538659354,534.3333333333334,0.07731958762886598,0,0,1,7.444107e-05,Baixo,2026-05-11T20:10:58.511270
361,33,Masculino,São Paulo,RJ,Conservador,56928.9,70126.63,35869.83,12,416,1,"Fundos, Renda Fixa",Bruno Martins,Agressivo,4.9,365,35.2,9,0,0,-21059.07,0,-36.991879344234654,499.2,0.028409090909090908,0,0,0,0.0027080418,Baixo,2026-05-11T20:10:58.511270
362,58,Masculino,Porto Alegre,MG,Conservador,35525.71,25874.01,39853.22,22,122,7,"Fundos, Renda Fixa, Cripto",Fernanda Alves,Moderado,6.7,109,22.5,51,0,1,4327.510000000002,0,12.181346973783217,51.61538461538461,0.3111111111111111,0,1,1,0.0015168086,Baixo,2026-05-11T20:10:58.511270
363,53,Masculino,Curitiba,SP,Moderado,76570.55,97769.1,57416.67,18,486,1,"FIIs, Fundos",Carlos Silva,Moderado,1.9,263,15.9,29,0,0,-19153.88,0,-25.014682537868676,291.6,0.06289308176100629,0,0,0,0.0011885472,Baixo,2026-05-11T20:10:58.511270
364,50,Masculino,Rio de Janeiro,PR,Moderado,160487.71,177739.74,199164.96,41,196,8,"FIIs, Renda Fixa",Mariana Costa,Conservador,8.5,149,29.4,2,1,1,38677.25,0,24.0998204784653,2678.6666666666665,0.272108843537415,1,0,1,0.00033060534,Baixo,2026-05-11T20:10:58.511270
365,21,Feminino,São Paulo,RJ,Conservador,79026.62,85255.94,59925.99,36,595,3,Cripto,Fernanda Alves,Agressivo,1.9,50,42.1,50,0,1,-19100.63,1,-24.169868330443588,420.0,0.07125890736342043,0,1,0,0.9908471,Alto,2026-05-11T20:10:58.511270
366,50,Feminino,Belo Horizonte,SP,Conservador,150403.16,129697.99,122104.04,38,594,0,FIIs,Fernanda Alves,Conservador,9.0,92,42.5,59,0,0,-28299.12000000001,1,-18.81550892946665,376.2,0.0,0,1,0,0.9805844,Alto,2026-05-11T20:10:58.511270
367,31,Feminino,São Paulo,SP,Moderado,25971.77,22057.18,27138.78,23,111,3,"Exterior, Ações, Fundos",João Pereira,Conservador,4.8,360,5.7,36,1,0,1167.009999999998,0,4.493378772413272,69.0,0.5263157894736842,0,1,1,0.02642244,Baixo,2026-05-11T20:10:58.511270
368,38,Feminino,Belo Horizonte,RJ,Agressivo,154781.51,195834.97,220308.49,15,386,2,"Cripto, FIIs",Fernanda Alves,Comercial,5.7,217,20.8,2,1,1,65526.97999999998,0,42.33514713740677,1930.0,0.09615384615384615,1,0,1,0.0004848731,Baixo,2026-05-11T20:10:58.511270
369,65,Feminino,São Paulo,PR,Agressivo,48149.73,42321.85,38064.43,32,394,5,Renda Fixa,Juliana Mendes,Moderado,9.0,241,22.6,39,1,0,-10085.3,1,-20.945704160750232,315.2,0.22123893805309733,0,1,0,0.99488163,Alto,2026-05-11T20:10:58.511270
370,37,Masculino,Porto Alegre,PR,Moderado,135801.23,158249.6,99109.91,11,248,6,Ações,Fernanda Alves,Moderado,3.3,83,46.9,4,1,0,-36691.32000000001,0,-27.01840034880391,545.6,0.1279317697228145,0,0,0,0.0022560884,Baixo,2026-05-11T20:10:58.511270
371,73,Masculino,Porto Alegre,RS,Conservador,113590.53,106306.32,145745.64,33,589,7,"Fundos, Cripto",Rafael Gomes,Comercial,2.2,83,32.7,27,1,0,32155.11000000002,0,28.30791440096284,694.1785714285714,0.21406727828746175,0,0,1,0.00011956277,Baixo,2026-05-11T20:10:58.511270
372,25,Feminino,Porto Alegre,MG,Conservador,185899.8,145662.24,195298.44,6,472,1,"Ações, Fundos, Renda Fixa",Rafael Gomes,Moderado,4.7,225,19.8,43,1,0,9398.640000000014,0,5.055755842663636,64.36363636363636,0.050505050505050504,1,1,1,0.0072413557,Baixo,2026-05-11T20:10:58.511270
373,24,Masculino,Curitiba,RJ,Agressivo,78077.18,55156.0,110916.96,10,542,5,"FIIs, Cripto",Ana Souza,Moderado,2.8,466,1.7,13,1,1,32839.78000000001,0,42.06066356392484,387.14285714285717,2.9411764705882355,0,0,1,0.00017805844,Baixo,2026-05-11T20:10:58.511270
374,20,Feminino,Belo Horizonte,RJ,Agressivo,14166.87,14543.06,10369.48,30,214,5,"Exterior, Fundos",Mariana Costa,Moderado,5.5,245,27.4,38,1,1,-3797.390000000001,1,-26.80472115576695,164.6153846153846,0.18248175182481752,0,1,0,0.99132115,Alto,2026-05-11T20:10:58.511270
375,34,Feminino,Porto Alegre,RJ,Moderado,4811.94,6185.59,5684.51,28,77,9,"Renda Fixa, FIIs",Rafael Gomes,Agressivo,3.1,207,5.1,10,0,1,872.5700000000006,0,18.133434747731698,196.0,1.7647058823529413,0,0,1,0.00085458736,Baixo,2026-05-11T20:10:58.511270
376,50,Masculino,Curitiba,PR,Agressivo,165544.85,152546.55,134023.66,12,313,4,"Renda Fixa, Cripto, Ações",Mariana Costa,Comercial,8.7,294,40.1,7,1,1,-31521.19,0,-19.040876233842372,469.5,0.0997506234413965,0,0,0,0.0012948446,Baixo,2026-05-11T20:10:58.511270
377,65,Masculino,Belo Horizonte,MG,Moderado,105422.39,96389.31,78126.89,30,594,9,"Cripto, Ações, Exterior",Patrícia Rocha,Conservador,6.3,415,36.2,36,1,0,-27295.5,1,-25.891558709682073,481.6216216216216,0.24861878453038672,0,1,0,0.9983948,Alto,2026-05-11T20:10:58.511270
378,29,Masculino,São Paulo,RS,Agressivo,155273.57,140748.5,188670.81,1,190,9,"Cripto, Exterior, FIIs",Juliana Mendes,Agressivo,0.5,389,22.4,7,0,0,33397.23999999999,0,21.508644388095146,23.75,0.4017857142857143,1,0,1,0.0003098117,Baixo,2026-05-11T20:10:58.511270
379,68,Feminino,Curitiba,SP,Agressivo,47650.69,48238.05,54050.95,38,257,6,"Ações, FIIs",João Pereira,Conservador,8.2,395,20.9,11,1,0,6400.259999999995,0,13.431620822279791,813.8333333333334,0.28708133971291866,0,0,1,0.00042205135,Baixo,2026-05-11T20:10:58.511270
380,39,Masculino,Rio de Janeiro,SP,Agressivo,69671.67,67191.28,89134.08,14,17,2,"Exterior, Cripto",João Pereira,Comercial,3.6,384,43.1,14,1,1,19462.41,0,27.934467481545948,15.866666666666667,0.04640371229698376,0,0,1,0.00017961803,Baixo,2026-05-11T20:10:58.511270
381,72,Feminino,Curitiba,RJ,Conservador,6990.67,8584.18,6141.42,56,303,3,"Cripto, Fundos, FIIs",Rafael Gomes,Comercial,3.5,120,14.2,18,1,1,-849.25,0,-12.148334852024197,893.0526315789474,0.21126760563380284,0,0,0,0.00044536486,Baixo,2026-05-11T20:10:58.511270
382,39,Feminino,Curitiba,MG,Conservador,192336.97,192974.08,192947.54,10,80,9,"Renda Fixa, FIIs",Juliana Mendes,Comercial,4.1,376,12.3,47,1,1,610.570000000007,1,0.3174480704359682,16.666666666666668,0.7317073170731707,1,1,1,0.99264103,Alto,2026-05-11T20:10:58.511270
383,63,Feminino,Belo Horizonte,PR,Conservador,133905.71,134529.0,129208.9,33,55,8,Renda Fixa,Patrícia Rocha,Moderado,6.5,163,45.1,45,0,1,-4696.809999999998,1,-3.50755020080921,39.45652173913044,0.17738359201773835,0,1,0,0.9781975,Alto,2026-05-11T20:10:58.511270
384,47,Masculino,São Paulo,MG,Agressivo,186707.81,146196.5,277388.16,38,153,3,"Renda Fixa, Exterior, Fundos",Carlos Silva,Agressivo,4.7,334,38.9,27,0,0,90680.34999999998,0,48.5680540090958,207.64285714285714,0.07712082262210797,1,0,1,0.00013737429,Baixo,2026-05-11T20:10:58.511270
385,55,Masculino,Rio de Janeiro,MG,Moderado,53833.79,69426.41,46459.86,3,126,2,"Cripto, Exterior, Fundos",Juliana Mendes,Comercial,6.5,456,39.5,6,1,0,-7373.93,0,-13.697586590132332,54.0,0.05063291139240506,0,0,0,0.002140907,Baixo,2026-05-11T20:10:58.511270
386,55,Feminino,Porto Alegre,PR,Moderado,122681.26,104277.08,106160.45,10,215,1,Exterior,Ana Souza,Conservador,1.9,467,9.8,39,0,0,-16520.81,0,-13.466449562060252,53.75,0.1020408163265306,0,1,0,0.014556229,Baixo,2026-05-11T20:10:58.511270
387,62,Masculino,Porto Alegre,RJ,Moderado,136021.49,101202.5,125016.45,28,284,4,"Ações, Fundos",João Pereira,Moderado,9.7,192,7.3,6,0,1,-11005.03999999999,0,-8.09066273277847,1136.0,0.547945205479452,0,0,0,0.00017360621,Baixo,2026-05-11T20:10:58.511270
388,68,Masculino,Curitiba,MG,Moderado,64192.39,70476.04,71133.81,1,542,3,"Ações, Renda Fixa",Ana Souza,Moderado,7.4,146,1.7,29,0,1,6941.419999999998,0,10.813462468058905,18.066666666666666,1.7647058823529411,0,0,1,0.00092329056,Baixo,2026-05-11T20:10:58.511270
389,71,Masculino,Belo Horizonte,SP,Conservador,169773.74,179488.16,140418.24,15,160,7,"Ações, FIIs",João Pereira,Agressivo,2.9,358,11.8,17,0,1,-29355.5,0,-17.29095441968823,133.33333333333334,0.5932203389830508,0,0,0,0.0008869835,Baixo,2026-05-11T20:10:58.511270
390,25,Feminino,Belo Horizonte,PR,Conservador,189485.13,179837.95,269781.53,38,242,6,"FIIs, Exterior, Cripto",Patrícia Rocha,Agressivo,7.4,450,37.3,23,0,1,80296.40000000002,0,42.37609568624199,383.1666666666667,0.160857908847185,1,0,1,0.0003416344,Baixo,2026-05-11T20:10:58.511270
391,44,Feminino,Porto Alegre,RS,Agressivo,177086.17,168818.96,148596.02,12,380,5,"Cripto, FIIs",Fernanda Alves,Agressivo,6.0,369,11.9,5,0,1,-28490.15000000002,0,-16.08829757851786,760.0,0.42016806722689076,0,0,0,0.0007274564,Baixo,2026-05-11T20:10:58.511270
392,44,Masculino,Rio de Janeiro,RJ,Agressivo,148074.33,173400.72,208227.18,36,86,1,"Cripto, Exterior",Bruno Martins,Moderado,1.5,261,35.1,57,1,1,60152.85000000001,0,40.62341528069046,53.37931034482759,0.02849002849002849,1,1,1,0.0029541967,Baixo,2026-05-11T20:10:58.511270
393,51,Feminino,São Paulo,PR,Moderado,56215.47,45952.08,38964.49,16,496,2,Renda Fixa,Juliana Mendes,Comercial,2.2,366,12.5,50,1,0,-17250.98,1,-30.687246766770787,155.6078431372549,0.16,0,1,0,0.9896456,Alto,2026-05-11T20:10:58.511270
394,38,Masculino,Rio de Janeiro,RS,Conservador,57041.59,68002.25,67931.2,20,360,9,"FIIs, Renda Fixa",Juliana Mendes,Conservador,0.9,234,19.3,3,0,1,10889.61,0,19.09064947172756,1800.0,0.46632124352331605,0,0,1,0.00056038995,Baixo,2026-05-11T20:10:58.511270
395,47,Masculino,São Paulo,RS,Moderado,192708.7,209907.62,272930.82,43,277,8,"Ações, Cripto",Fernanda Alves,Comercial,8.2,254,47.2,54,0,1,80222.12,0,41.62869657675029,216.56363636363636,0.1694915254237288,1,1,1,0.003654094,Baixo,2026-05-11T20:10:58.511270
396,50,Masculino,Porto Alegre,MG,Agressivo,3046.61,2898.49,2290.67,59,584,8,Fundos,Carlos Silva,Conservador,5.7,413,12.1,2,0,1,-755.94,0,-24.812496512517193,11485.333333333334,0.6611570247933884,0,0,0,0.0007668385,Baixo,2026-05-11T20:10:58.511270
397,45,Masculino,São Paulo,MG,Agressivo,143493.94,139880.36,211150.51,18,48,4,FIIs,João Pereira,Comercial,3.5,265,18.4,48,1,0,67656.57,0,47.14942665871465,17.632653061224488,0.2173913043478261,1,1,1,0.00039622188,Baixo,2026-05-11T20:10:58.511270
398,64,Feminino,Belo Horizonte,MG,Moderado,141542.99,120876.06,142618.01,6,577,2,"Ações, Renda Fixa",Carlos Silva,Agressivo,1.7,295,14.8,53,1,0,1075.020000000019,0,0.759500700105331,64.11111111111111,0.13513513513513511,0,1,1,0.0030768847,Baixo,2026-05-11T20:10:58.511270
399,50,Feminino,Curitiba,PR,Agressivo,124915.22,143810.97,181269.92,37,127,1,"Cripto, Renda Fixa, FIIs",Juliana Mendes,Conservador,5.1,288,5.7,50,1,1,56354.70000000001,0,45.114358362415736,92.13725490196079,0.17543859649122806,0,1,1,8.959036e-05,Baixo,2026-05-11T20:10:58.511270
400,22,Feminino,Curitiba,PR,Moderado,198031.66,199561.42,239447.61,7,353,7,"Exterior, Ações, Renda Fixa",Rafael Gomes,Moderado,5.5,342,23.8,58,1,0,41415.94999999998,0,20.913802368772743,41.88135593220339,0.29411764705882354,1,1,1,0.004610572,Baixo,2026-05-11T20:10:58.511270
401,65,Masculino,Porto Alegre,RJ,Conservador,63064.01,56285.43,54955.76,12,334,5,Renda Fixa,Rafael Gomes,Conservador,7.2,440,18.5,46,1,0,-8108.25,1,-12.857174797479576,85.27659574468085,0.2702702702702703,0,1,0,0.78657895,Alto,2026-05-11T20:10:58.511270
402,36,Masculino,Belo Horizonte,MG,Moderado,68654.4,72610.96,52827.66,36,413,9,"Cripto, Exterior, FIIs",Lucas Oliveira,Moderado,9.7,57,33.5,57,1,0,-15826.73999999999,1,-23.05276864993357,256.3448275862069,0.26865671641791045,0,1,0,0.9974093,Alto,2026-05-11T20:10:58.511270
403,21,Masculino,Rio de Janeiro,RS,Conservador,16708.94,21678.86,14592.95,1,327,6,"Fundos, Ações",Mariana Costa,Comercial,4.6,127,39.3,5,0,1,-2115.989999999998,0,-12.663819488249992,54.5,0.15267175572519084,0,0,0,0.0012878445,Baixo,2026-05-11T20:10:58.511270
404,52,Feminino,Belo Horizonte,SP,Conservador,89116.83,85655.3,60930.57,40,115,0,"Fundos, Ações, Exterior",Rafael Gomes,Agressivo,4.4,373,26.4,25,1,0,-28186.26,0,-31.62843651418032,176.92307692307693,0.0,0,0,0,0.0007929032,Baixo,2026-05-11T20:10:58.511270
405,66,Masculino,Curitiba,RJ,Agressivo,52948.66,66313.69,38625.05,10,93,0,"Renda Fixa, Cripto, Exterior",Rafael Gomes,Conservador,4.0,326,2.0,43,1,0,-14323.61,1,-27.051883843708225,21.136363636363637,0.0,0,1,0,0.99750286,Alto,2026-05-11T20:10:58.511270
406,34,Feminino,Curitiba,PR,Agressivo,69333.95,62886.59,48131.24,23,437,9,"Fundos, Cripto, Renda Fixa",João Pereira,Moderado,8.4,494,29.9,50,1,0,-21202.71,1,-30.580559740213847,197.07843137254903,0.3010033444816054,0,1,0,0.9908516,Alto,2026-05-11T20:10:58.511270
407,61,Feminino,Belo Horizonte,RJ,Agressivo,167079.79,122442.69,163846.66,5,103,1,FIIs,Lucas Oliveira,Comercial,2.0,251,3.1,37,0,1,-3233.130000000005,0,-1.9350814362407356,13.552631578947368,0.3225806451612903,0,1,0,0.075241536,Baixo,2026-05-11T20:10:58.511270
408,45,Feminino,Belo Horizonte,RJ,Moderado,187161.42,153948.74,246308.27,25,543,9,"Exterior, Fundos",João Pereira,Agressivo,3.8,263,29.8,10,1,0,59146.84999999998,0,31.60205238878823,1234.090909090909,0.30201342281879195,1,0,1,8.442276e-05,Baixo,2026-05-11T20:10:58.511270
409,47,Feminino,Curitiba,RJ,Moderado,37960.88,36109.04,27606.87,6,150,2,Renda Fixa,Juliana Mendes,Agressivo,7.4,143,33.0,51,0,1,-10354.01,1,-27.275474119672673,17.307692307692307,0.06060606060606061,0,1,0,0.99744546,Alto,2026-05-11T20:10:58.511270
410,46,Feminino,Rio de Janeiro,RJ,Agressivo,75129.28,62491.1,53889.36,56,261,0,"Cripto, Exterior, Ações",Ana Souza,Agressivo,0.6,124,9.9,28,0,0,-21239.92,0,-28.271161390073217,504.0,0.0,0,0,0,0.00038044032,Baixo,2026-05-11T20:10:58.511270
411,63,Feminino,Porto Alegre,SP,Moderado,185797.48,130083.55,219071.22,38,193,4,"FIIs, Fundos",Carlos Silva,Comercial,3.2,206,39.4,19,1,1,33273.73999999999,0,17.908606725990033,366.7,0.10152284263959391,1,0,1,0.00027727018,Baixo,2026-05-11T20:10:58.511270
412,70,Masculino,Porto Alegre,MG,Agressivo,13299.88,16611.56,10340.19,18,244,2,"Cripto, Renda Fixa, Fundos",Juliana Mendes,Comercial,6.6,202,43.8,9,1,1,-2959.689999999999,0,-22.253509054217023,439.2,0.04566210045662101,0,0,0,0.00057703536,Baixo,2026-05-11T20:10:58.511270
413,23,Masculino,Belo Horizonte,RS,Moderado,19379.75,23378.33,13330.34,5,507,0,"Cripto, Fundos, FIIs",Ana Souza,Comercial,2.3,491,39.1,25,1,1,-6049.41,0,-31.21510855403191,97.5,0.0,0,0,0,0.0007690679,Baixo,2026-05-11T20:10:58.511270
414,52,Feminino,Porto Alegre,RJ,Conservador,33395.41,38250.28,25052.03,42,275,7,"Renda Fixa, Exterior, Fundos",Patrícia Rocha,Agressivo,3.4,191,15.0,47,0,1,-8343.380000000005,1,-24.983613017477563,240.625,0.4666666666666667,0,1,0,0.9917931,Alto,2026-05-11T20:10:58.511270
415,58,Feminino,Curitiba,RJ,Conservador,119447.35,95640.15,170971.95,28,524,5,Fundos,Patrícia Rocha,Conservador,5.1,127,28.4,26,1,1,51524.60000000001,0,43.135825114579774,543.4074074074074,0.17605633802816903,0,0,1,3.742767e-05,Baixo,2026-05-11T20:10:58.511270
416,54,Masculino,Curitiba,RJ,Agressivo,30943.98,23895.5,41444.02,42,554,8,"FIIs, Ações, Cripto",João Pereira,Moderado,4.5,371,44.0,49,0,0,10500.04,0,33.93241593356768,465.36,0.18181818181818182,0,1,1,0.0014017719,Baixo,2026-05-11T20:10:58.511270
417,41,Feminino,Belo Horizonte,MG,Moderado,193647.2,143407.92,177895.57,38,118,2,"Fundos, Exterior",Bruno Martins,Comercial,1.5,231,15.7,13,0,0,-15751.63,0,-8.134189391842487,320.2857142857143,0.12738853503184713,0,0,0,0.00017472166,Baixo,2026-05-11T20:10:58.511270
418,46,Feminino,Belo Horizonte,PR,Moderado,89896.19,101979.81,106997.92,1,343,8,Renda Fixa,Bruno Martins,Conservador,9.4,244,39.5,35,1,0,17101.73,0,19.023865193841914,9.527777777777779,0.20253164556962025,0,1,1,0.009994515,Baixo,2026-05-11T20:10:58.511270
419,66,Masculino,Belo Horizonte,PR,Conservador,100802.07,126736.91,109223.89,18,572,8,"Cripto, Ações",Ana Souza,Moderado,0.9,207,1.0,58,1,1,8421.819999999992,1,8.354808586768101,174.5084745762712,8.0,0,1,1,0.98903686,Alto,2026-05-11T20:10:58.511270
420,63,Feminino,Rio de Janeiro,SP,Conservador,50085.06,47997.59,60573.46,3,363,0,Renda Fixa,Rafael Gomes,Agressivo,7.6,195,0.7,11,1,1,10488.4,0,20.94117487330554,90.75,0.0,0,0,1,0.0003379965,Baixo,2026-05-11T20:10:58.511270
421,70,Feminino,Porto Alegre,PR,Agressivo,94721.09,73075.84,115029.67,57,338,2,Renda Fixa,João Pereira,Conservador,1.2,103,36.6,51,0,1,20308.58,0,21.440399387295905,370.5,0.0546448087431694,0,1,1,0.0045001693,Baixo,2026-05-11T20:10:58.511270
422,48,Feminino,Belo Horizonte,RJ,Conservador,132720.81,133707.68,154733.96,5,173,5,"Renda Fixa, FIIs, Ações",Ana Souza,Agressivo,4.9,405,36.7,58,1,0,22013.14999999999,0,16.586057604681585,14.661016949152541,0.13623978201634876,0,1,1,0.00654091,Baixo,2026-05-11T20:10:58.511270
423,52,Masculino,São Paulo,RJ,Agressivo,150484.25,136835.2,126330.21,48,343,7,"FIIs, Exterior",João Pereira,Moderado,2.2,326,38.0,22,0,1,-24154.03999999999,0,-16.050875756100716,715.8260869565217,0.18421052631578946,0,0,0,0.001345545,Baixo,2026-05-11T20:10:58.511270
424,50,Masculino,São Paulo,RJ,Conservador,151019.75,139677.4,95913.52,56,265,3,Fundos,Ana Souza,Comercial,1.8,358,44.7,20,1,1,-55106.23,0,-36.48941943024008,706.6666666666666,0.06711409395973154,0,0,0,0.003965787,Baixo,2026-05-11T20:10:58.511270
425,69,Masculino,Curitiba,SP,Conservador,116000.33,124444.97,117161.51,36,203,4,"Fundos, FIIs, Exterior",Patrícia Rocha,Agressivo,1.7,132,6.1,7,0,1,1161.179999999993,0,1.001014393665943,913.5,0.6557377049180328,0,0,1,0.0016611369,Baixo,2026-05-11T20:10:58.511270
426,38,Feminino,Porto Alegre,RJ,Moderado,180967.6,204716.14,253694.23,27,215,8,"Fundos, Exterior",Lucas Oliveira,Conservador,4.8,449,11.5,38,1,1,72726.63,0,40.187652375342324,148.84615384615384,0.6956521739130435,1,1,1,0.000722141,Baixo,2026-05-11T20:10:58.511270
427,49,Feminino,Belo Horizonte,PR,Conservador,163664.16,125426.02,182084.16,29,291,5,Cripto,João Pereira,Comercial,5.4,205,43.4,57,1,0,18420.0,0,11.254754858974621,145.5,0.1152073732718894,0,1,1,0.002892436,Baixo,2026-05-11T20:10:58.511270
428,40,Masculino,São Paulo,MG,Conservador,151652.57,109395.21,204602.36,6,476,6,"Ações, Fundos, Exterior",Lucas Oliveira,Conservador,1.8,53,8.9,8,0,1,52949.78999999998,0,34.91519464523415,317.3333333333333,0.6741573033707865,1,0,1,0.00010969064,Baixo,2026-05-11T20:10:58.511270
429,50,Feminino,Porto Alegre,MG,Agressivo,12065.5,15644.11,18007.3,8,486,6,"Fundos, Exterior",Patrícia Rocha,Moderado,9.8,360,32.9,23,0,1,5941.799999999999,0,49.24619783680742,162.0,0.182370820668693,0,0,1,0.00013145579,Baixo,2026-05-11T20:10:58.511270
430,20,Feminino,Curitiba,RS,Conservador,2368.71,1988.86,1770.03,24,27,3,"Ações, FIIs",Bruno Martins,Moderado,2.9,320,25.7,30,1,1,-598.6800000000001,0,-25.274516508985904,20.903225806451612,0.11673151750972763,0,0,0,0.0043856082,Baixo,2026-05-11T20:10:58.511270
431,35,Feminino,Rio de Janeiro,PR,Agressivo,43277.01,31691.68,52910.47,32,564,3,"Renda Fixa, Cripto, FIIs",Fernanda Alves,Comercial,4.9,113,4.5,24,0,1,9633.46,0,22.25999439425228,721.92,0.6666666666666666,0,0,1,0.00018278963,Baixo,2026-05-11T20:10:58.511270
432,42,Feminino,Porto Alegre,RJ,Conservador,133041.2,108285.58,160562.66,0,113,3,Fundos,Carlos Silva,Conservador,2.6,498,14.1,16,0,0,27521.45999999999,0,20.68641894390609,0.0,0.2127659574468085,0,0,1,0.00011184062,Baixo,2026-05-11T20:10:58.511270
433,59,Feminino,Porto Alegre,MG,Conservador,82828.3,59915.9,122748.22,50,300,4,FIIs,Juliana Mendes,Conservador,5.2,161,25.2,41,0,1,39919.92,0,48.195990983757966,357.14285714285717,0.15873015873015872,0,1,1,7.725602e-05,Baixo,2026-05-11T20:10:58.511270
434,48,Masculino,Rio de Janeiro,PR,Agressivo,81078.85,75815.74,120567.55,5,10,4,"Ações, Exterior, Cripto",Carlos Silva,Conservador,7.7,288,41.0,28,0,0,39488.7,0,48.70407017366427,1.7241379310344827,0.0975609756097561,0,0,1,0.00013250286,Baixo,2026-05-11T20:10:58.511270
435,71,Feminino,Porto Alegre,MG,Moderado,177032.79,209153.81,215627.84,17,554,7,"Renda Fixa, Exterior, Ações",Carlos Silva,Conservador,5.5,193,34.1,59,1,0,38595.04999999999,0,21.801074252967478,156.96666666666667,0.20527859237536655,1,1,1,0.010818015,Baixo,2026-05-11T20:10:58.511270
436,20,Masculino,Curitiba,RJ,Agressivo,179217.01,162145.99,146824.13,9,207,8,"FIIs, Ações, Renda Fixa",Juliana Mendes,Moderado,3.2,423,30.0,2,0,1,-32392.88,0,-18.074668247171406,621.0,0.26666666666666666,0,0,0,0.0005147159,Baixo,2026-05-11T20:10:58.511270
437,57,Feminino,Curitiba,MG,Agressivo,181925.88,175833.19,239905.7,27,329,1,"Cripto, Ações",Patrícia Rocha,Conservador,2.9,69,24.1,20,1,1,57979.82000000001,0,31.870023110510726,423.0,0.04149377593360996,1,0,1,0.00018696519,Baixo,2026-05-11T20:10:58.511270
438,63,Masculino,Rio de Janeiro,RS,Agressivo,63461.74,70147.57,44190.07,10,248,6,"FIIs, Renda Fixa",Patrícia Rocha,Moderado,7.7,113,14.7,56,1,0,-19271.67,1,-30.3673835605516,43.50877192982456,0.40816326530612246,0,1,0,0.99949145,Alto,2026-05-11T20:10:58.511270
439,41,Feminino,Belo Horizonte,RS,Moderado,138520.11,139259.31,180440.36,32,331,0,"Exterior, Fundos",Bruno Martins,Conservador,1.6,338,6.2,7,1,1,41920.25,0,30.262934385483813,1324.0,0.0,0,0,1,0.00011402133,Baixo,2026-05-11T20:10:58.511270
440,67,Masculino,São Paulo,MG,Conservador,55055.0,66994.64,78132.76,0,51,0,"Cripto, Renda Fixa",Fernanda Alves,Conservador,4.0,130,19.9,13,0,1,23077.75999999999,0,41.91764599037325,0.0,0.0,0,0,1,0.0002438461,Baixo,2026-05-11T20:10:58.511270
441,49,Feminino,Belo Horizonte,PR,Agressivo,38931.36,47481.52,36772.62,12,595,3,"Exterior, Renda Fixa, Cripto",Mariana Costa,Agressivo,1.9,246,1.9,57,1,0,-2158.739999999998,1,-5.544989951545484,123.10344827586206,1.5789473684210527,0,1,0,0.97484607,Alto,2026-05-11T20:10:58.511270
442,64,Masculino,Porto Alegre,PR,Agressivo,37741.86,26643.73,44066.33,36,17,9,"Fundos, Cripto, Ações",Carlos Silva,Agressivo,3.0,431,10.5,38,1,0,6324.470000000001,0,16.757176249395236,15.692307692307692,0.8571428571428571,0,1,1,0.002792513,Baixo,2026-05-11T20:10:58.511270
443,39,Feminino,São Paulo,PR,Moderado,69079.42,80603.79,68190.26,19,384,6,"Exterior, Renda Fixa, Ações",Rafael Gomes,Conservador,2.0,118,21.0,15,1,0,-889.1600000000035,0,-1.2871561457811942,456.0,0.2857142857142857,0,0,0,0.0003496115,Baixo,2026-05-11T20:10:58.511270
444,40,Masculino,Rio de Janeiro,MG,Agressivo,86561.57,84522.19,86041.21,0,369,1,"Exterior, Fundos, Renda Fixa",Carlos Silva,Moderado,8.9,235,20.4,17,1,0,-520.3600000000006,0,-0.6011443646412612,0.0,0.04901960784313726,0,0,0,0.0003897861,Baixo,2026-05-11T20:10:58.511270
445,19,Feminino,Rio de Janeiro,PR,Conservador,166358.89,215152.67,146284.99,51,346,1,"Exterior, Fundos, Ações",Mariana Costa,Conservador,7.5,216,2.6,30,1,0,-20073.90000000002,0,-12.066622949936743,569.2258064516129,0.3846153846153846,0,0,0,0.0022768301,Baixo,2026-05-11T20:10:58.511270
446,44,Masculino,São Paulo,RJ,Moderado,24858.33,24608.24,31965.74,2,225,0,Fundos,João Pereira,Agressivo,5.8,254,28.5,10,0,0,7107.41,0,28.59166323723275,40.90909090909091,0.0,0,0,1,0.00015609842,Baixo,2026-05-11T20:10:58.511270
447,59,Masculino,Curitiba,RS,Conservador,147250.24,190267.57,212417.15,17,77,9,Renda Fixa,Bruno Martins,Conservador,2.6,213,26.6,37,1,1,65166.91,0,44.25589391229516,34.44736842105263,0.3383458646616541,1,1,1,0.0035099569,Baixo,2026-05-11T20:10:58.511270
448,19,Feminino,São Paulo,RJ,Conservador,106759.53,123066.15,154446.43,40,50,1,Renda Fixa,Lucas Oliveira,Agressivo,5.3,143,4.2,19,0,1,47686.89999999999,0,44.667581432777006,100.0,0.23809523809523808,0,0,1,0.00026449948,Baixo,2026-05-11T20:10:58.511270
449,43,Feminino,Porto Alegre,PR,Moderado,58301.12,49507.15,44151.62,13,508,6,"FIIs, Ações, Cripto",Lucas Oliveira,Conservador,5.4,298,45.3,52,1,1,-14149.5,1,-24.26968812949048,124.60377358490567,0.13245033112582782,0,1,0,0.95981145,Alto,2026-05-11T20:10:58.511270
450,34,Masculino,Curitiba,RJ,Agressivo,99071.1,101353.4,137438.29,30,278,8,Cripto,Mariana Costa,Comercial,6.1,117,5.2,45,1,1,38367.19,0,38.72692440075865,181.30434782608697,1.5384615384615383,0,1,1,0.00032666585,Baixo,2026-05-11T20:10:58.511270
451,57,Feminino,Rio de Janeiro,PR,Conservador,60688.47,78608.65,76691.31,26,559,5,"Exterior, Renda Fixa, FIIs",Carlos Silva,Conservador,1.1,392,41.1,52,0,1,16002.84,1,26.368830850407,274.22641509433964,0.121654501216545,0,1,1,0.947153,Alto,2026-05-11T20:10:58.511270
452,50,Masculino,São Paulo,MG,Conservador,119620.31,145281.06,98992.23,16,212,9,"Fundos, Ações",Lucas Oliveira,Moderado,9.7,70,0.5,44,0,1,-20628.08,1,-17.244630113397967,75.37777777777778,18.0,0,1,0,0.9981602,Alto,2026-05-11T20:10:58.511270
453,26,Masculino,Belo Horizonte,RJ,Conservador,87334.94,66236.58,57689.63,54,128,1,Cripto,Mariana Costa,Agressivo,4.9,368,42.4,3,1,1,-29645.31,0,-33.944386977308284,1728.0,0.02358490566037736,0,0,0,0.00024852753,Baixo,2026-05-11T20:10:58.511270
454,60,Masculino,Belo Horizonte,MG,Conservador,33716.7,37891.61,28362.41,45,14,9,"Exterior, Fundos",Juliana Mendes,Comercial,9.3,134,1.4,19,1,1,-5354.289999999997,0,-15.880231458001518,31.5,6.428571428571429,0,0,0,0.0077690086,Baixo,2026-05-11T20:10:58.511270
455,71,Feminino,Porto Alegre,MG,Moderado,24200.03,21957.84,34387.94,28,333,9,Ações,Patrícia Rocha,Agressivo,0.6,439,36.5,30,1,1,10187.91,0,42.09874946436018,300.7741935483871,0.2465753424657534,0,0,1,0.0006733439,Baixo,2026-05-11T20:10:58.511270
456,65,Masculino,Belo Horizonte,SP,Moderado,109792.44,77314.67,128441.87,35,191,8,"Fundos, Renda Fixa, Exterior",Ana Souza,Agressivo,2.9,73,17.7,19,1,0,18649.42999999999,0,16.986078458589674,334.25,0.4519774011299435,0,0,1,0.0003064905,Baixo,2026-05-11T20:10:58.511270
457,56,Masculino,São Paulo,PR,Conservador,180580.19,170122.54,225535.48,36,547,6,Exterior,Patrícia Rocha,Moderado,1.5,160,35.6,10,1,0,44955.29000000001,0,24.894917875543275,1790.1818181818182,0.16853932584269662,1,0,1,0.00014036738,Baixo,2026-05-11T20:10:58.511270
458,46,Feminino,São Paulo,RS,Agressivo,69447.58,58395.18,57741.3,25,64,0,"Cripto, Ações",Carlos Silva,Conservador,7.8,486,19.6,49,0,1,-11706.28,1,-16.856282105150385,32.0,0.0,0,1,0,0.9632219,Alto,2026-05-11T20:10:58.511270
459,59,Feminino,Belo Horizonte,PR,Conservador,146867.02,174965.85,183209.17,52,446,8,Fundos,Mariana Costa,Moderado,3.5,400,3.9,0,1,1,36342.15000000002,0,24.74493592911467,23192.0,2.0512820512820515,0,0,1,0.0006106534,Baixo,2026-05-11T20:10:58.511270
460,72,Feminino,São Paulo,RS,Agressivo,132073.61,119183.01,82586.86,16,221,1,Renda Fixa,João Pereira,Conservador,8.5,132,37.0,43,1,0,-49486.74999999999,1,-37.46906743898345,80.36363636363636,0.02702702702702703,0,1,0,0.99744475,Alto,2026-05-11T20:10:58.511270
461,43,Feminino,Porto Alegre,PR,Conservador,186379.43,223005.64,174784.62,21,6,3,"Ações, Fundos, Cripto",Lucas Oliveira,Comercial,8.4,407,3.9,17,0,0,-11594.81,0,-6.221078152240297,7.0,0.7692307692307693,0,0,0,0.0022947753,Baixo,2026-05-11T20:10:58.511270
462,52,Masculino,Curitiba,MG,Agressivo,164375.22,115121.63,191345.58,24,540,8,"Exterior, Cripto",Lucas Oliveira,Moderado,6.8,127,44.3,38,0,0,26970.35999999999,0,16.40780161389289,332.3076923076923,0.18058690744920994,1,1,1,0.0002056869,Baixo,2026-05-11T20:10:58.511270
463,67,Masculino,Porto Alegre,RJ,Conservador,113754.45,100637.59,83209.89,1,360,3,"Renda Fixa, Ações, Exterior",Lucas Oliveira,Moderado,6.8,483,2.9,43,1,1,-30544.56,1,-26.85130999270798,8.181818181818182,1.0344827586206897,0,1,0,0.9942504,Alto,2026-05-11T20:10:58.511270
464,42,Masculino,Porto Alegre,RJ,Agressivo,131749.07,111288.32,176636.4,54,169,2,Cripto,Mariana Costa,Agressivo,7.2,429,23.3,32,0,0,44887.32999999999,0,34.070320192772506,276.54545454545456,0.08583690987124463,0,1,1,0.00013807623,Baixo,2026-05-11T20:10:58.511270
465,41,Masculino,São Paulo,SP,Conservador,179778.91,151039.53,145895.65,21,95,0,"FIIs, Exterior",Patrícia Rocha,Moderado,6.9,189,34.8,53,0,0,-33883.26000000001,1,-18.847182909274512,36.94444444444444,0.0,0,1,0,0.9870388,Alto,2026-05-11T20:10:58.511270
466,30,Feminino,Curitiba,RS,Conservador,80504.24,59646.56,95562.8,4,171,6,Cripto,João Pereira,Conservador,4.2,489,19.2,35,0,0,15058.56,0,18.70530049100519,19.0,0.3125,0,1,1,0.0016635822,Baixo,2026-05-11T20:10:58.511270
467,24,Masculino,São Paulo,RS,Agressivo,66032.15,53636.24,63699.72,3,211,5,Ações,Mariana Costa,Moderado,7.0,425,10.8,17,1,1,-2332.429999999993,0,-3.5322642076624695,35.166666666666664,0.4629629629629629,0,0,0,0.0015304886,Baixo,2026-05-11T20:10:58.511270
468,74,Masculino,Rio de Janeiro,RS,Moderado,3151.41,3256.45,3581.39,35,286,9,"Cripto, FIIs",Carlos Silva,Moderado,9.0,320,36.6,46,1,0,429.98,0,13.644051392868588,212.9787234042553,0.2459016393442623,0,1,1,0.01959216,Baixo,2026-05-11T20:10:58.511270
469,53,Feminino,São Paulo,MG,Agressivo,165483.66,144767.86,115293.38,5,69,3,"Exterior, Renda Fixa",Bruno Martins,Comercial,3.7,388,37.8,30,1,1,-50190.28,0,-30.3294476324732,11.129032258064516,0.07936507936507937,0,0,0,0.0012849303,Baixo,2026-05-11T20:10:58.511270
470,62,Masculino,São Paulo,RS,Moderado,160395.16,152445.47,98678.55,51,520,5,"Fundos, Renda Fixa, Exterior",Carlos Silva,Conservador,9.5,473,44.3,34,0,0,-61716.61,1,-38.47785057853367,757.7142857142857,0.11286681715575622,0,1,0,0.99932146,Alto,2026-05-11T20:10:58.511270
471,37,Masculino,São Paulo,RJ,Conservador,21786.45,20176.87,30906.43,20,161,5,"Renda Fixa, Cripto, Ações",Ana Souza,Agressivo,0.6,218,18.4,38,1,0,9119.98,0,41.8607896192358,82.56410256410257,0.27173913043478265,0,1,1,0.001626859,Baixo,2026-05-11T20:10:58.511270
472,18,Masculino,Curitiba,MG,Agressivo,115794.62,141911.28,97576.31,12,310,3,Renda Fixa,Bruno Martins,Conservador,3.8,246,24.5,37,1,1,-18218.31,1,-15.733295726519936,97.89473684210526,0.12244897959183673,0,1,0,0.9982761,Alto,2026-05-11T20:10:58.511270
473,25,Masculino,São Paulo,PR,Agressivo,93332.36,116028.87,124851.57,53,399,5,"Fundos, Renda Fixa",Carlos Silva,Comercial,1.8,311,17.7,14,0,0,31519.21000000001,0,33.77093432545797,1409.8,0.2824858757062147,0,0,1,0.000407383,Baixo,2026-05-11T20:10:58.511270
474,63,Masculino,Curitiba,RS,Agressivo,24623.11,24519.06,36920.27,36,78,9,"FIIs, Renda Fixa, Fundos",João Pereira,Conservador,1.7,264,12.7,46,1,0,12297.16,0,49.94153866022609,59.744680851063826,0.7086614173228347,0,1,1,0.0004199162,Baixo,2026-05-11T20:10:58.511270
475,33,Masculino,Belo Horizonte,RS,Moderado,196133.08,176145.86,155001.65,54,191,7,Ações,Fernanda Alves,Conservador,8.2,116,36.2,5,0,0,-41131.42999999999,0,-20.97118446312065,1719.0,0.19337016574585633,0,0,0,0.0027803734,Baixo,2026-05-11T20:10:58.511270
476,31,Feminino,Rio de Janeiro,PR,Moderado,43724.48,33409.02,36669.7,24,578,2,"Ações, FIIs, Cripto",Fernanda Alves,Moderado,9.2,278,16.6,7,0,1,-7054.780000000006,0,-16.134622984653006,1734.0,0.12048192771084336,0,0,0,0.00061156903,Baixo,2026-05-11T20:10:58.511270
477,29,Feminino,Curitiba,RS,Conservador,14379.6,18291.45,17206.25,25,341,3,Cripto,Fernanda Alves,Moderado,7.9,210,20.8,39,0,1,2826.65,1,19.65736181813124,213.125,0.14423076923076922,0,1,1,0.92818415,Alto,2026-05-11T20:10:58.511270
478,68,Masculino,Belo Horizonte,PR,Moderado,119374.63,87875.98,175349.84,54,572,9,"FIIs, Ações",Ana Souza,Conservador,9.8,476,19.7,21,0,1,55975.20999999999,0,46.89037360785955,1404.0,0.4568527918781726,0,0,1,0.00015023083,Baixo,2026-05-11T20:10:58.511270
479,40,Masculino,Curitiba,MG,Moderado,148034.47,130061.63,210835.56,38,244,0,"FIIs, Exterior",Ana Souza,Conservador,2.6,171,34.4,0,1,0,62801.09,0,42.42328830575743,9272.0,0.0,1,0,1,0.00016650555,Baixo,2026-05-11T20:10:58.511270
480,32,Feminino,Curitiba,RJ,Conservador,7456.25,6552.85,7848.36,19,537,3,"Renda Fixa, Cripto, Fundos",Fernanda Alves,Agressivo,1.8,198,44.1,57,1,1,392.1099999999997,0,5.258809723386417,175.91379310344828,0.06802721088435373,0,1,1,0.9270137,Alto,2026-05-11T20:10:58.511270
481,45,Masculino,Rio de Janeiro,PR,Agressivo,132084.81,117851.45,173770.68,32,145,9,"Exterior, Fundos",Juliana Mendes,Comercial,5.4,389,32.2,12,1,0,41685.87,0,31.559927292169327,356.9230769230769,0.2795031055900621,0,0,1,7.216579e-05,Baixo,2026-05-11T20:10:58.511270
482,51,Masculino,Porto Alegre,SP,Agressivo,106926.08,85388.18,77218.94,13,269,9,"FIIs, Cripto",Lucas Oliveira,Moderado,8.4,242,22.9,54,0,0,-29707.14,1,-27.782875796063973,63.58181818181818,0.39301310043668125,0,1,0,0.9994665,Alto,2026-05-11T20:10:58.511270
483,19,Masculino,Porto Alegre,PR,Conservador,21549.74,25210.97,31887.03,55,143,8,"FIIs, Cripto",Bruno Martins,Moderado,0.9,280,37.5,23,1,0,10337.29,0,47.96944185869526,327.7083333333333,0.21333333333333335,0,0,1,0.00079598546,Baixo,2026-05-11T20:10:58.511270
484,49,Feminino,Curitiba,RS,Agressivo,35332.25,27329.45,51864.84,35,463,7,"Renda Fixa, Cripto, Exterior",Bruno Martins,Moderado,10.0,160,30.9,20,1,0,16532.59,0,46.7917837103496,771.6666666666666,0.22653721682847897,0,0,1,0.00011268052,Baixo,2026-05-11T20:10:58.511270
485,40,Masculino,São Paulo,MG,Moderado,114026.89,123256.68,85218.69,16,74,3,"Fundos, Exterior",Lucas Oliveira,Moderado,6.2,194,3.4,44,0,0,-28808.2,1,-25.264391583423873,26.31111111111111,0.8823529411764706,0,1,0,0.99774325,Alto,2026-05-11T20:10:58.511270
486,39,Feminino,Belo Horizonte,MG,Conservador,59975.17,46439.23,52147.26,20,389,6,FIIs,Patrícia Rocha,Conservador,9.8,270,5.0,42,0,0,-7827.909999999996,0,-13.051917985392949,180.93023255813952,1.2,0,1,0,0.04802877,Baixo,2026-05-11T20:10:58.511270
487,68,Masculino,São Paulo,PR,Conservador,187724.83,139352.16,129556.32,45,202,9,Cripto,Juliana Mendes,Conservador,4.0,441,2.3,3,1,0,-58168.50999999998,0,-30.986050167151564,2272.5,3.91304347826087,0,0,0,0.0010204196,Baixo,2026-05-11T20:10:58.511270
488,42,Feminino,São Paulo,RJ,Conservador,163929.31,204199.81,138445.82,15,209,2,"Fundos, Ações",Fernanda Alves,Agressivo,4.9,113,22.2,6,0,0,-25483.48999999999,0,-15.545414056827294,447.85714285714283,0.0900900900900901,0,0,0,0.001959618,Baixo,2026-05-11T20:10:58.511270
489,39,Feminino,Curitiba,SP,Agressivo,196729.87,160153.31,262508.51,45,572,8,"Renda Fixa, FIIs, Exterior",Lucas Oliveira,Moderado,7.6,175,39.7,59,1,1,65778.64000000001,0,33.43602067139068,429.0,0.20151133501259444,1,1,1,0.001659801,Baixo,2026-05-11T20:10:58.511270
490,39,Masculino,Curitiba,MG,Conservador,52674.5,62827.51,49539.53,15,435,9,Fundos,Mariana Costa,Moderado,8.0,267,15.4,11,0,1,-3134.970000000001,0,-5.951589478780057,543.75,0.5844155844155844,0,0,0,0.0012399122,Baixo,2026-05-11T20:10:58.511270
491,66,Feminino,Curitiba,RS,Conservador,193975.0,199169.36,131817.12,55,329,3,"Cripto, Ações, FIIs",Bruno Martins,Conservador,2.7,333,18.7,58,0,0,-62157.88,1,-32.04427374661684,306.6949152542373,0.16042780748663102,0,1,0,0.99704045,Alto,2026-05-11T20:10:58.511270
492,69,Masculino,Curitiba,RS,Conservador,86815.54,64826.37,78828.77,19,446,1,"Cripto, Renda Fixa",Mariana Costa,Agressivo,9.3,403,43.7,12,1,1,-7986.76999999999,0,-9.199700883044661,651.8461538461538,0.02288329519450801,0,0,0,0.00047973281,Baixo,2026-05-11T20:10:58.511270
493,59,Feminino,Porto Alegre,RJ,Agressivo,70156.24,89327.76,104058.89,28,292,9,Ações,Lucas Oliveira,Conservador,8.7,446,40.3,53,0,1,33902.64999999999,0,48.324496865852545,151.40740740740742,0.22332506203473948,0,1,1,0.0005597363,Baixo,2026-05-11T20:10:58.511270
494,23,Masculino,Curitiba,MG,Moderado,11019.56,9346.53,12856.69,27,230,4,Fundos,Lucas Oliveira,Moderado,0.7,285,32.1,43,0,1,1837.130000000001,0,16.67153679457257,141.13636363636363,0.12461059190031153,0,1,1,0.04373532,Baixo,2026-05-11T20:10:58.511270
495,32,Masculino,Porto Alegre,PR,Conservador,11500.29,13981.91,11207.55,7,68,1,Cripto,Carlos Silva,Moderado,1.7,62,13.2,15,0,0,-292.7400000000016,0,-2.5455010264958675,29.75,0.07575757575757576,0,0,0,0.0012253925,Baixo,2026-05-11T20:10:58.511270
496,71,Feminino,Porto Alegre,RS,Moderado,138710.24,111146.57,104016.68,23,564,9,"Fundos, Ações",Carlos Silva,Comercial,5.2,471,6.1,5,1,1,-34693.56,0,-25.011534836937777,2162.0,1.4754098360655739,0,0,0,0.0017818647,Baixo,2026-05-11T20:10:58.511270
497,60,Masculino,Curitiba,RJ,Agressivo,92127.87,111692.67,137045.65,2,502,5,"Ações, Fundos",João Pereira,Comercial,4.9,202,1.3,13,1,0,44917.78,0,48.75590849978405,71.71428571428571,3.846153846153846,0,0,1,0.00010728857,Baixo,2026-05-11T20:10:58.511270
498,54,Masculino,Rio de Janeiro,MG,Agressivo,46077.8,32620.19,61687.3,24,64,9,"Fundos, Cripto",João Pereira,Comercial,7.2,288,5.6,50,1,1,15609.5,0,33.876400348975,30.11764705882353,1.6071428571428572,0,1,1,0.00065657025,Baixo,2026-05-11T20:10:58.511270
499,50,Feminino,Belo Horizonte,MG,Agressivo,123180.09,124050.76,105113.21,18,401,0,"Fundos, Exterior, Renda Fixa",Ana Souza,Agressivo,1.4,239,14.4,47,0,1,-18066.87999999999,1,-14.66704562401277,150.375,0.0,0,1,0,0.98682505,Alto,2026-05-11T20:10:58.511270
500,25,Masculino,São Paulo,MG,Agressivo,51318.77,59615.25,34027.52,32,261,5,Exterior,Ana Souza,Conservador,6.6,200,26.7,58,0,1,-17291.25,1,-33.693812225039686,141.5593220338983,0.18726591760299627,0,1,0,0.99830747,Alto,2026-05-11T20:10:58.511270
501,70,Masculino,Porto Alegre,MG,Moderado,115948.72,146197.11,75478.33,1,581,3,"Cripto, Renda Fixa",Fernanda Alves,Moderado,6.4,135,3.5,57,0,0,-40470.39,1,-34.90369708264136,10.017241379310345,0.8571428571428571,0,1,0,0.9995546,Alto,2026-05-11T20:10:58.511270
502,61,Feminino,Belo Horizonte,MG,Conservador,72482.54,90278.55,51342.31,14,243,2,Cripto,Carlos Silva,Moderado,2.7,70,7.0,30,0,0,-21140.23,0,-29.165961899238074,109.74193548387096,0.2857142857142857,0,0,0,0.0024200561,Baixo,2026-05-11T20:10:58.511270
503,61,Feminino,Rio de Janeiro,RS,Agressivo,164886.89,196508.06,185117.15,21,42,1,"Ações, FIIs, Cripto",Fernanda Alves,Agressivo,5.7,231,9.1,35,1,0,20230.25999999998,1,12.269174341271146,24.5,0.10989010989010989,1,1,1,0.95353764,Alto,2026-05-11T20:10:58.511270
504,22,Masculino,São Paulo,RJ,Agressivo,164318.54,202590.76,235942.87,59,29,6,Ações,Lucas Oliveira,Moderado,2.6,368,30.5,36,1,0,71624.32999999999,0,43.58870885780751,46.24324324324324,0.19672131147540983,1,1,1,0.0032628279,Baixo,2026-05-11T20:10:58.511270
505,56,Masculino,São Paulo,MG,Moderado,95992.73,78669.1,100511.02,9,414,8,"Cripto, Fundos, FIIs",Fernanda Alves,Moderado,1.9,207,29.8,40,0,0,4518.290000000008,0,4.706908533594167,90.8780487804878,0.2684563758389262,0,1,1,0.024246784,Baixo,2026-05-11T20:10:58.511270
506,21,Feminino,Porto Alegre,SP,Moderado,70813.0,61643.47,96210.15,17,465,2,"Cripto, Exterior",Lucas Oliveira,Conservador,5.9,416,26.7,55,1,0,25397.14999999999,0,35.86509539208901,141.16071428571428,0.0749063670411985,0,1,1,0.000609467,Baixo,2026-05-11T20:10:58.511270
507,23,Feminino,Curitiba,SP,Agressivo,73149.4,63887.3,73244.34,21,575,5,"FIIs, Fundos, Exterior",Bruno Martins,Comercial,9.8,125,12.4,34,1,0,94.94000000000233,0,0.12978917120304792,345.0,0.4032258064516129,0,1,1,0.030107439,Baixo,2026-05-11T20:10:58.511270
508,62,Masculino,Rio de Janeiro,RJ,Conservador,161337.19,149435.73,199691.1,45,421,8,"Exterior, Cripto, FIIs",Carlos Silva,Comercial,2.8,378,18.1,53,1,0,38353.91,0,23.772516429720884,350.8333333333333,0.4419889502762431,1,1,1,0.0023249248,Baixo,2026-05-11T20:10:58.511270
509,49,Feminino,Porto Alegre,PR,Conservador,66307.72,62063.52,83460.56,48,361,1,"Renda Fixa, Ações, Fundos",João Pereira,Agressivo,3.9,465,5.1,9,0,0,17152.84,0,25.868541400609153,1732.8,0.19607843137254904,0,0,1,9.707088e-05,Baixo,2026-05-11T20:10:58.511270
510,69,Masculino,Rio de Janeiro,PR,Agressivo,42602.82,43741.73,32231.9,26,387,6,"Cripto, Fundos",Fernanda Alves,Comercial,2.9,252,11.3,16,1,1,-10370.92,0,-24.34327117312891,591.8823529411765,0.5309734513274336,0,0,0,0.0019322755,Baixo,2026-05-11T20:10:58.511270
511,47,Masculino,Curitiba,PR,Moderado,17852.98,14209.68,16515.69,12,162,4,Ações,Carlos Silva,Comercial,3.0,278,43.1,50,1,1,-1337.290000000001,0,-7.490570201725431,38.11764705882353,0.09280742459396751,0,1,0,0.02840257,Baixo,2026-05-11T20:10:58.511270
512,64,Masculino,Curitiba,SP,Agressivo,93871.93,104643.55,110165.46,32,573,4,"Exterior, Cripto",Bruno Martins,Agressivo,4.3,201,47.0,41,1,0,16293.53000000001,0,17.35719080240495,436.57142857142856,0.0851063829787234,0,1,1,0.044259798,Baixo,2026-05-11T20:10:58.511270
513,52,Masculino,Porto Alegre,PR,Agressivo,96944.29,77607.77,64334.84,4,437,6,"FIIs, Cripto, Renda Fixa",Mariana Costa,Agressivo,7.2,312,31.3,29,1,1,-32609.45,0,-33.637308602703676,58.266666666666666,0.19169329073482427,0,0,0,0.0029759747,Baixo,2026-05-11T20:10:58.511270
514,72,Masculino,Curitiba,RS,Moderado,168340.83,149181.13,155780.28,25,52,8,Cripto,João Pereira,Comercial,0.9,121,44.0,43,1,1,-12560.54999999999,0,-7.461380581288561,29.545454545454547,0.18181818181818182,0,1,0,0.027105626,Baixo,2026-05-11T20:10:58.511270
515,57,Feminino,Belo Horizonte,MG,Agressivo,45026.5,45116.87,48688.03,12,332,3,"Fundos, Cripto, Renda Fixa",Juliana Mendes,Conservador,9.6,274,31.0,54,0,0,3661.529999999999,0,8.131944521559523,72.43636363636364,0.0967741935483871,0,1,1,0.0028239698,Baixo,2026-05-11T20:10:58.511270
516,69,Feminino,São Paulo,SP,Agressivo,76817.26,90480.31,114964.87,26,437,8,Renda Fixa,Rafael Gomes,Agressivo,0.9,434,2.1,6,1,0,38147.61,0,49.66020657336646,1623.142857142857,3.8095238095238093,0,0,1,0.00035382897,Baixo,2026-05-11T20:10:58.511270
517,33,Feminino,Porto Alegre,RJ,Agressivo,161872.74,185130.86,166256.29,56,435,9,"Ações, Exterior",Carlos Silva,Moderado,8.9,180,47.8,17,1,1,4383.550000000017,0,2.7080223637408114,1353.3333333333333,0.1882845188284519,0,0,1,0.001734857,Baixo,2026-05-11T20:10:58.511270
518,30,Feminino,Rio de Janeiro,RJ,Moderado,164901.1,179300.37,220052.45,13,60,8,"Fundos, FIIs, Ações",Patrícia Rocha,Agressivo,9.0,409,5.2,18,0,0,55151.35000000001,0,33.44510740073899,41.05263157894737,1.5384615384615383,1,0,1,0.0005666051,Baixo,2026-05-11T20:10:58.511270
519,67,Masculino,Belo Horizonte,MG,Conservador,77537.6,61523.29,76673.87,23,581,3,"Ações, Cripto",Carlos Silva,Moderado,5.5,77,32.9,14,1,1,-863.7300000000105,0,-1.1139498772208716,890.8666666666667,0.0911854103343465,0,0,0,0.00017648294,Baixo,2026-05-11T20:10:58.511270
520,59,Masculino,Porto Alegre,SP,Conservador,92365.68,94972.91,121622.66,2,272,2,"Renda Fixa, Cripto, Ações",Lucas Oliveira,Agressivo,1.8,348,12.5,38,0,0,29256.98000000001,0,31.67516332906336,13.948717948717949,0.16,0,1,1,0.0003142336,Baixo,2026-05-11T20:10:58.511270
521,47,Masculino,Curitiba,PR,Moderado,61353.89,46166.83,69690.25,46,73,1,"Fundos, Renda Fixa",Juliana Mendes,Agressivo,5.9,146,19.1,43,0,1,8336.36,0,13.587337331015197,76.31818181818181,0.05235602094240837,0,1,1,0.00076082,Baixo,2026-05-11T20:10:58.511270
522,36,Masculino,Curitiba,PR,Conservador,186578.42,172849.59,260824.67,50,453,8,Cripto,Patrícia Rocha,Comercial,6.5,95,31.2,21,0,0,74246.25,0,39.79358920501095,1029.5454545454545,0.25641025641025644,1,0,1,0.0003239889,Baixo,2026-05-11T20:10:58.511270
523,34,Feminino,Curitiba,RS,Agressivo,24610.11,23333.09,23868.07,48,261,1,"Ações, Exterior, Renda Fixa",Fernanda Alves,Comercial,8.6,50,21.2,38,0,1,-742.0400000000009,0,-3.0151835973102146,321.2307692307692,0.04716981132075472,0,1,0,0.026780874,Baixo,2026-05-11T20:10:58.511270
524,73,Masculino,Curitiba,RS,Conservador,186816.14,135233.75,213694.12,29,494,5,Renda Fixa,Bruno Martins,Comercial,5.7,215,12.4,41,1,1,26877.97999999998,0,14.387397148875882,341.0952380952381,0.4032258064516129,1,1,1,0.0035783707,Baixo,2026-05-11T20:10:58.511270
525,36,Masculino,Rio de Janeiro,PR,Agressivo,137089.42,118499.12,159985.66,34,53,4,"Cripto, Exterior, Renda Fixa",Patrícia Rocha,Conservador,4.4,294,16.4,56,1,1,22896.23999999999,0,16.701682741089712,31.614035087719298,0.24390243902439027,0,1,1,0.0010776812,Baixo,2026-05-11T20:10:58.511270
526,45,Feminino,Belo Horizonte,RJ,Conservador,106782.86,135976.19,104182.13,47,320,4,"Fundos, Ações, FIIs",Fernanda Alves,Comercial,8.5,268,16.7,55,0,1,-2600.729999999996,1,-2.435531320288664,268.57142857142856,0.23952095808383234,0,1,0,0.9990976,Alto,2026-05-11T20:10:58.511270
527,72,Feminino,São Paulo,RJ,Moderado,7499.15,9540.27,5473.49,13,417,3,"FIIs, Ações, Exterior",Fernanda Alves,Comercial,9.8,151,46.1,53,1,0,-2025.66,1,-27.011861344285688,100.38888888888889,0.0650759219088937,0,1,0,0.9635363,Alto,2026-05-11T20:10:58.511270
528,43,Feminino,Rio de Janeiro,RS,Conservador,95643.64,87169.25,65439.71,11,438,5,"Fundos, Exterior",Fernanda Alves,Agressivo,6.6,340,38.4,59,0,1,-30203.93,1,-31.579653388348667,80.3,0.13020833333333334,0,1,0,0.99938774,Alto,2026-05-11T20:10:58.511270
529,54,Feminino,Rio de Janeiro,MG,Conservador,82141.87,59623.5,50517.61,27,6,4,"Exterior, Ações",Lucas Oliveira,Agressivo,8.8,253,22.3,29,1,0,-31624.25999999999,0,-38.499561794733914,5.4,0.17937219730941703,0,0,0,0.0013284126,Baixo,2026-05-11T20:10:58.511270
530,43,Masculino,São Paulo,PR,Conservador,33082.54,26712.73,45858.38,43,149,3,"Renda Fixa, FIIs",Patrícia Rocha,Conservador,6.2,251,10.0,19,1,1,12775.84,0,38.61807467020367,320.35,0.3,0,0,1,0.00014175872,Baixo,2026-05-11T20:10:58.511270
531,70,Masculino,São Paulo,RS,Moderado,131625.51,123113.38,106988.82,28,370,8,Renda Fixa,Ana Souza,Moderado,7.1,103,39.0,31,0,0,-24636.69,1,-18.717260810613386,323.75,0.20512820512820512,0,1,0,0.95484877,Alto,2026-05-11T20:10:58.511270
532,40,Feminino,Curitiba,RS,Conservador,194259.03,246450.18,153533.8,42,424,5,"Renda Fixa, Fundos",Bruno Martins,Agressivo,7.0,329,8.0,41,1,1,-40725.23000000001,1,-20.964394808313422,424.0,0.625,0,1,0,0.9953597,Alto,2026-05-11T20:10:58.511270
533,26,Masculino,Rio de Janeiro,PR,Moderado,112875.57,88575.65,142497.72,16,577,9,"Fundos, FIIs",Mariana Costa,Agressivo,7.2,461,10.5,24,0,0,29622.14999999999,0,26.243189735387375,369.28,0.8571428571428571,0,0,1,0.00029148953,Baixo,2026-05-11T20:10:58.511270
534,29,Masculino,Porto Alegre,PR,Agressivo,143235.9,165882.86,127195.56,39,565,9,"Fundos, Renda Fixa, Cripto",Carlos Silva,Moderado,3.5,327,17.9,22,1,1,-16040.34,0,-11.19854729156587,958.0434782608696,0.5027932960893855,0,0,0,0.0026641036,Baixo,2026-05-11T20:10:58.511270
535,70,Masculino,São Paulo,RJ,Conservador,14621.64,11188.62,15432.27,48,448,9,"Renda Fixa, Exterior",Lucas Oliveira,Conservador,6.0,65,42.3,4,1,1,810.630000000001,0,5.544042939095759,4300.8,0.2127659574468085,0,0,1,0.000322494,Baixo,2026-05-11T20:10:58.511270
536,18,Feminino,São Paulo,MG,Moderado,84115.73,108404.53,62772.2,20,438,2,"FIIs, Fundos, Ações",João Pereira,Agressivo,6.1,62,6.8,49,1,0,-21343.53,1,-25.374005551637012,175.2,0.29411764705882354,0,1,0,0.9897335,Alto,2026-05-11T20:10:58.511270
537,18,Masculino,Belo Horizonte,MG,Moderado,24155.34,22439.58,35357.89,56,559,9,"Cripto, Renda Fixa",Mariana Costa,Comercial,3.5,405,6.3,40,0,1,11202.55,0,46.37711578474987,763.5121951219512,1.4285714285714286,0,1,1,0.0059866854,Baixo,2026-05-11T20:10:58.511270
538,64,Feminino,Porto Alegre,PR,Conservador,122946.37,143249.82,167996.78,22,61,5,"Ações, Renda Fixa",Bruno Martins,Conservador,3.8,405,24.0,29,0,1,45050.41,0,36.642326243548304,44.733333333333334,0.20833333333333334,0,0,1,8.6782784e-05,Baixo,2026-05-11T20:10:58.511270
539,51,Masculino,Porto Alegre,SP,Agressivo,187757.95,170025.08,258619.8,19,566,0,Renda Fixa,Lucas Oliveira,Moderado,7.7,367,13.6,47,0,1,70861.84999999998,0,37.741065025475606,224.04166666666666,0.0,1,1,1,0.0011952155,Baixo,2026-05-11T20:10:58.511270
540,49,Masculino,São Paulo,RS,Moderado,132693.77,142858.29,128194.97,10,182,4,Fundos,Mariana Costa,Moderado,6.0,476,27.5,38,1,1,-4498.799999999988,1,-3.3903626372210156,46.666666666666664,0.14545454545454545,0,1,0,0.9876084,Alto,2026-05-11T20:10:58.511270
541,71,Masculino,Curitiba,RS,Conservador,16283.81,13274.72,20943.02,56,297,9,"FIIs, Ações",Carlos Silva,Comercial,1.9,136,22.0,56,0,0,4659.210000000001,0,28.61252986862412,291.7894736842105,0.4090909090909091,0,1,1,0.00637188,Baixo,2026-05-11T20:10:58.511270
542,65,Feminino,Belo Horizonte,PR,Agressivo,71578.57,56376.18,52215.75,56,50,5,"Cripto, FIIs, Renda Fixa",Fernanda Alves,Comercial,8.5,127,21.2,26,0,1,-19362.82000000001,0,-27.05114114461913,103.70370370370371,0.2358490566037736,0,0,0,0.0013093331,Baixo,2026-05-11T20:10:58.511270
543,42,Masculino,Porto Alegre,SP,Moderado,110582.01,139647.22,67207.0,33,174,7,Renda Fixa,Juliana Mendes,Comercial,8.9,465,5.8,56,0,0,-43375.00999999999,1,-39.22429154615655,100.73684210526316,1.206896551724138,0,1,0,0.9983165,Alto,2026-05-11T20:10:58.511270
544,57,Feminino,São Paulo,RJ,Moderado,81238.34,101595.72,50203.32,9,275,8,"Fundos, Ações, Renda Fixa",Fernanda Alves,Conservador,4.9,116,7.2,41,1,0,-31035.02,1,-38.20243003488254,58.92857142857143,1.1111111111111112,0,1,0,0.99182653,Alto,2026-05-11T20:10:58.511270
545,62,Feminino,Porto Alegre,PR,Agressivo,166895.16,205695.17,188247.99,9,421,2,"Renda Fixa, Exterior",Bruno Martins,Moderado,2.5,396,39.5,36,1,0,21352.82999999999,1,12.794157721530084,102.4054054054054,0.05063291139240506,1,1,1,0.95208883,Alto,2026-05-11T20:10:58.511270
546,70,Feminino,Belo Horizonte,PR,Agressivo,163119.53,175395.92,164727.14,42,143,1,"Cripto, Renda Fixa, Ações",Carlos Silva,Comercial,9.5,260,42.6,6,1,0,1607.610000000015,0,0.9855410936998256,858.0,0.023474178403755867,0,0,1,0.00060988276,Baixo,2026-05-11T20:10:58.511270
547,18,Masculino,Belo Horizonte,RS,Conservador,122754.37,145459.13,130882.41,59,251,3,"FIIs, Fundos",Mariana Costa,Comercial,8.9,263,11.6,4,1,1,8128.040000000008,0,6.62138545454635,2961.8,0.25862068965517243,0,0,1,0.002137853,Baixo,2026-05-11T20:10:58.511270
548,33,Masculino,Rio de Janeiro,PR,Conservador,75318.13,55842.53,45696.78,5,152,7,Renda Fixa,Rafael Gomes,Moderado,2.8,234,5.9,14,0,1,-29621.35000000001,0,-39.328313116642704,50.666666666666664,1.1864406779661016,0,0,0,0.0004592781,Baixo,2026-05-11T20:10:58.511270
549,56,Masculino,São Paulo,PR,Moderado,51811.94,46676.0,50797.36,35,234,7,"Renda Fixa, Exterior",Juliana Mendes,Agressivo,1.4,498,3.0,50,1,0,-1014.580000000002,0,-1.9581972803952172,160.58823529411765,2.3333333333333335,0,1,0,0.041181028,Baixo,2026-05-11T20:10:58.511270
550,22,Masculino,Belo Horizonte,PR,Agressivo,22068.99,19602.16,27503.73,23,378,2,"Fundos, Cripto, Exterior",Fernanda Alves,Conservador,4.7,482,29.4,41,0,1,5434.739999999998,0,24.626138305377808,207.0,0.06802721088435375,0,1,1,0.0011744838,Baixo,2026-05-11T20:10:58.511270
551,39,Feminino,Rio de Janeiro,RS,Agressivo,71624.64,77453.97,71511.78,11,84,3,"Fundos, Cripto",Ana Souza,Agressivo,6.9,82,34.5,7,1,1,-112.8600000000006,0,-0.15757147261054377,115.5,0.08695652173913043,0,0,0,0.0005169972,Baixo,2026-05-11T20:10:58.511270
552,46,Feminino,Rio de Janeiro,RJ,Agressivo,83221.33,76028.9,104775.43,42,69,2,Ações,Mariana Costa,Comercial,2.2,164,18.2,55,0,0,21554.09999999999,0,25.899730273476752,51.75,0.10989010989010989,0,1,1,0.005211409,Baixo,2026-05-11T20:10:58.511270
553,72,Feminino,Porto Alegre,RJ,Moderado,135488.76,106914.73,109707.56,54,92,9,"Ações, Renda Fixa",Fernanda Alves,Conservador,5.4,324,32.8,8,0,0,-25781.20000000001,0,-19.028294302789405,552.0,0.27439024390243905,0,0,0,0.0025471493,Baixo,2026-05-11T20:10:58.511270
554,20,Masculino,Porto Alegre,PR,Agressivo,131973.81,139612.49,175766.39,22,92,1,"Exterior, Renda Fixa",Mariana Costa,Agressivo,4.5,469,34.4,10,1,0,43792.58000000002,0,33.18278073505646,184.0,0.029069767441860465,0,0,1,6.074836e-05,Baixo,2026-05-11T20:10:58.511270
555,29,Feminino,Rio de Janeiro,RS,Agressivo,14951.52,17771.83,16889.06,26,208,3,Fundos,Juliana Mendes,Moderado,9.0,247,44.9,59,0,1,1937.540000000001,1,12.958816227380233,90.13333333333334,0.066815144766147,0,1,1,0.9685316,Alto,2026-05-11T20:10:58.511270
556,43,Masculino,Porto Alegre,RJ,Moderado,79656.6,74022.82,62903.76,57,386,5,"FIIs, Cripto",Bruno Martins,Comercial,4.6,429,3.6,21,0,0,-16752.84,0,-21.03132697102312,1000.0909090909091,1.3888888888888888,0,0,0,0.0013653069,Baixo,2026-05-11T20:10:58.511270
557,33,Feminino,Belo Horizonte,RJ,Conservador,37173.99,28971.97,30224.25,56,480,4,"Ações, FIIs, Fundos",João Pereira,Conservador,5.6,192,9.6,33,0,0,-6949.739999999998,0,-18.69516831526559,790.5882352941177,0.4166666666666667,0,1,0,0.042609137,Baixo,2026-05-11T20:10:58.511270
558,68,Masculino,Curitiba,RJ,Conservador,32205.73,26344.7,37527.0,44,577,2,"FIIs, Cripto, Renda Fixa",Fernanda Alves,Conservador,9.6,277,3.8,34,0,1,5321.27,0,16.522743002565075,725.3714285714286,0.5263157894736842,0,1,1,0.0016854432,Baixo,2026-05-11T20:10:58.511270
559,54,Masculino,Belo Horizonte,RS,Moderado,165633.13,139544.25,223098.82,36,543,1,"Cripto, Renda Fixa, FIIs",Mariana Costa,Conservador,3.3,169,41.7,12,1,1,57465.69,0,34.69456261558301,1503.6923076923076,0.023980815347721823,1,0,1,0.00012473649,Baixo,2026-05-11T20:10:58.511270
560,39,Feminino,Rio de Janeiro,RS,Agressivo,9341.13,8219.62,9098.87,5,218,8,"Exterior, Renda Fixa",João Pereira,Conservador,3.2,402,38.1,10,1,1,-242.2599999999984,0,-2.593476378125542,99.0909090909091,0.2099737532808399,0,0,0,0.00066011393,Baixo,2026-05-11T20:10:58.511270
561,74,Feminino,Rio de Janeiro,PR,Moderado,84417.39,91650.02,70274.98,0,78,0,"Ações, Cripto",João Pereira,Comercial,8.1,73,27.8,59,0,1,-14142.41,1,-16.752958128650985,0.0,0.0,0,1,0,0.9512689,Alto,2026-05-11T20:10:58.511270
562,46,Feminino,Belo Horizonte,MG,Conservador,34472.53,36560.44,47582.79,5,65,8,"Ações, FIIs, Renda Fixa",Ana Souza,Comercial,3.1,76,4.5,31,1,1,13110.26,0,38.03103514595535,10.15625,1.7777777777777777,0,1,1,0.004760716,Baixo,2026-05-11T20:10:58.511270
563,31,Feminino,Porto Alegre,RJ,Conservador,175986.71,196691.18,211596.12,49,547,0,"Renda Fixa, Exterior",João Pereira,Moderado,8.4,482,13.5,41,0,1,35609.41,0,20.234147226230892,638.1666666666666,0.0,1,1,1,0.011524471,Baixo,2026-05-11T20:10:58.511270
564,45,Masculino,Porto Alegre,MG,Moderado,111851.06,102623.48,112217.59,21,223,6,Exterior,Juliana Mendes,Moderado,1.4,124,14.6,58,0,1,366.5299999999988,0,0.32769470401085055,79.37288135593221,0.4109589041095891,0,1,1,0.013673057,Baixo,2026-05-11T20:10:58.511270
565,22,Feminino,Rio de Janeiro,RS,Moderado,47044.75,56190.18,48884.68,40,16,5,"Exterior, Fundos",Carlos Silva,Moderado,1.6,290,27.1,14,1,1,1839.93,0,3.911020889684822,42.666666666666664,0.18450184501845018,0,0,1,0.0014620431,Baixo,2026-05-11T20:10:58.511270
566,64,Feminino,São Paulo,RS,Conservador,100983.03,83053.76,79153.61,23,419,6,"Fundos, Exterior, Cripto",João Pereira,Agressivo,9.1,72,12.8,37,0,0,-21829.42,1,-21.61691919919614,253.60526315789474,0.46875,0,1,0,0.98044604,Alto,2026-05-11T20:10:58.511270
567,66,Feminino,Porto Alegre,RS,Moderado,146565.79,143843.25,170620.51,24,36,2,Exterior,Rafael Gomes,Moderado,5.6,210,4.0,0,1,1,24054.72,0,16.412233714293084,864.0,0.5,0,0,1,0.0001055218,Baixo,2026-05-11T20:10:58.511270
568,47,Masculino,Belo Horizonte,MG,Conservador,191665.48,226273.22,176881.99,14,164,2,"Renda Fixa, Cripto",Mariana Costa,Comercial,7.3,90,35.2,45,0,0,-14783.49000000002,1,-7.713172971992671,49.91304347826087,0.056818181818181816,0,1,0,0.9955108,Alto,2026-05-11T20:10:58.511270
569,63,Masculino,Porto Alegre,RS,Moderado,44868.75,36258.22,67127.27,25,241,0,"Fundos, Ações",João Pereira,Agressivo,2.6,287,14.7,49,1,1,22258.52,0,49.60806797604124,120.5,0.0,0,1,1,0.0001697835,Baixo,2026-05-11T20:10:58.511270
570,69,Feminino,Belo Horizonte,PR,Moderado,177350.17,135835.66,183054.67,7,185,3,"FIIs, Fundos, Renda Fixa",Patrícia Rocha,Comercial,2.1,288,22.0,23,1,1,5704.5,0,3.216517920450823,53.958333333333336,0.13636363636363635,0,0,1,0.00013175007,Baixo,2026-05-11T20:10:58.511270
571,22,Masculino,Rio de Janeiro,RS,Moderado,186926.52,229958.95,193898.33,50,562,1,Ações,Carlos Silva,Agressivo,8.4,105,6.6,42,0,0,6971.809999999998,1,3.7297061968521095,653.4883720930233,0.15151515151515152,1,1,1,0.975993,Alto,2026-05-11T20:10:58.511270
572,29,Feminino,Porto Alegre,SP,Conservador,183367.69,166086.72,203403.66,23,345,9,Cripto,Lucas Oliveira,Moderado,3.9,462,38.6,39,1,1,20035.97,0,10.926663252397411,198.375,0.23316062176165803,1,1,1,0.008087255,Baixo,2026-05-11T20:10:58.511270
573,33,Masculino,Belo Horizonte,MG,Moderado,127447.46,141507.73,181622.88,47,462,7,"Renda Fixa, Cripto, FIIs",Carlos Silva,Moderado,4.8,464,27.4,21,0,0,54175.42,0,42.508042137520825,987.0,0.25547445255474455,0,0,1,0.000116508665,Baixo,2026-05-11T20:10:58.511270
574,43,Masculino,Rio de Janeiro,SP,Conservador,126334.31,90355.46,166854.31,37,84,2,Ações,Bruno Martins,Moderado,0.8,498,43.3,2,1,1,40520.0,0,32.07363067087635,1036.0,0.046189376443418015,0,0,1,0.00015243658,Baixo,2026-05-11T20:10:58.511270
575,43,Masculino,São Paulo,RS,Conservador,81238.92,90502.44,81727.74,5,477,6,"Cripto, Renda Fixa, FIIs",Lucas Oliveira,Agressivo,4.2,147,24.0,13,0,0,488.820000000007,0,0.6017066696603143,170.35714285714286,0.25,0,0,1,0.00034525336,Baixo,2026-05-11T20:10:58.511270
576,65,Masculino,Belo Horizonte,PR,Moderado,150727.18,134096.06,187931.07,53,116,6,"Exterior, Renda Fixa",Ana Souza,Comercial,7.8,195,45.2,1,1,0,37203.89000000001,0,24.68293376151535,3074.0,0.1327433628318584,1,0,1,0.00016444444,Baixo,2026-05-11T20:10:58.511270
577,38,Feminino,São Paulo,RJ,Moderado,106727.51,78278.71,120347.22,34,296,8,"Renda Fixa, Cripto",Carlos Silva,Conservador,8.3,311,42.9,31,1,1,13619.71000000001,0,12.76119905730023,314.5,0.1864801864801865,0,1,1,0.002955052,Baixo,2026-05-11T20:10:58.511270
578,56,Feminino,São Paulo,RS,Conservador,135810.18,144758.39,141667.72,41,387,5,Cripto,Bruno Martins,Comercial,7.1,485,27.9,47,1,0,5857.540000000008,1,4.313034560443119,330.5625,0.17921146953405018,0,1,1,0.95763427,Alto,2026-05-11T20:10:58.511270
579,53,Feminino,Curitiba,PR,Conservador,86263.12,72847.68,66688.65,0,21,0,FIIs,Carlos Silva,Moderado,7.1,89,44.9,37,0,0,-19574.47,1,-22.69158592918967,0.0,0.0,0,1,0,0.98883843,Alto,2026-05-11T20:10:58.511270
580,50,Masculino,Porto Alegre,MG,Agressivo,146567.8,136613.55,149138.99,59,497,7,Exterior,João Pereira,Agressivo,5.3,242,15.8,32,1,1,2571.190000000002,0,1.754266626093864,888.5757575757576,0.4430379746835443,0,1,1,0.00881552,Baixo,2026-05-11T20:10:58.511270
581,47,Feminino,Belo Horizonte,SP,Conservador,165069.83,123529.76,135561.41,45,335,0,"Cripto, FIIs, Renda Fixa",Fernanda Alves,Agressivo,5.6,288,17.9,45,0,1,-29508.41999999998,0,-17.87632543148556,327.7173913043478,0.0,0,1,0,0.028344296,Baixo,2026-05-11T20:10:58.511270
582,54,Feminino,São Paulo,SP,Agressivo,30140.82,23759.95,42901.18,35,490,2,"Renda Fixa, FIIs, Ações",Fernanda Alves,Moderado,7.6,91,2.7,41,1,0,12760.36,0,42.335809045672946,408.3333333333333,0.7407407407407407,0,1,1,0.0008049361,Baixo,2026-05-11T20:10:58.511270
583,40,Feminino,Curitiba,SP,Agressivo,166753.01,146540.27,150388.89,57,410,4,"Fundos, Renda Fixa",Bruno Martins,Agressivo,2.8,271,28.5,5,1,1,-16364.12,0,-9.813388076173254,3895.0,0.14035087719298245,0,0,0,0.0008302891,Baixo,2026-05-11T20:10:58.511270
584,27,Masculino,Rio de Janeiro,MG,Agressivo,108519.01,81807.67,158116.28,11,121,7,Cripto,Carlos Silva,Moderado,2.7,245,34.8,40,0,0,49597.27,0,45.7037619491737,32.46341463414634,0.20114942528735633,0,1,1,0.0004704173,Baixo,2026-05-11T20:10:58.511270
585,71,Masculino,Belo Horizonte,PR,Moderado,169088.52,210768.12,182573.29,37,559,8,"FIIs, Fundos",Bruno Martins,Comercial,9.5,337,37.2,38,1,0,13484.77000000002,1,7.9749766571970815,530.3333333333334,0.2150537634408602,0,1,1,0.91517687,Alto,2026-05-11T20:10:58.511270
586,22,Masculino,São Paulo,MG,Moderado,86829.04,61095.36,101450.18,10,119,6,"FIIs, Cripto",Ana Souza,Agressivo,0.8,59,7.6,24,0,0,14621.14,0,16.838997644106165,47.6,0.7894736842105263,0,0,1,0.00011247945,Baixo,2026-05-11T20:10:58.511270
587,53,Feminino,Porto Alegre,SP,Conservador,76429.06,75688.93,83204.22,11,553,8,Exterior,Fernanda Alves,Conservador,1.8,284,21.6,33,0,1,6775.160000000003,0,8.864638659693059,178.91176470588235,0.37037037037037035,0,1,1,0.0107570365,Baixo,2026-05-11T20:10:58.511270
588,51,Feminino,Curitiba,RS,Agressivo,183097.09,141707.71,131178.55,41,551,2,"Fundos, Renda Fixa",Patrícia Rocha,Agressivo,5.9,374,8.9,10,0,1,-51918.54000000001,0,-28.355742846595767,2053.7272727272725,0.2247191011235955,0,0,0,0.0008449374,Baixo,2026-05-11T20:10:58.511270
589,69,Feminino,São Paulo,RJ,Moderado,50982.68,45099.66,47833.94,49,340,4,"Ações, Cripto",Lucas Oliveira,Moderado,7.5,314,32.0,45,0,0,-3148.739999999998,0,-6.176097451134381,362.17391304347825,0.125,0,1,0,0.024644863,Baixo,2026-05-11T20:10:58.511270
590,48,Masculino,Porto Alegre,MG,Moderado,168998.25,212200.24,116478.92,38,340,9,"Fundos, Ações, Exterior",Juliana Mendes,Conservador,5.6,118,8.0,36,0,0,-52519.33,1,-31.07684842890385,349.18918918918916,1.125,0,1,0,0.99812514,Alto,2026-05-11T20:10:58.511270
591,27,Masculino,São Paulo,MG,Moderado,97320.09,77565.74,112955.4,6,151,7,"Exterior, Ações",João Pereira,Moderado,3.9,494,43.4,40,1,0,15635.31,0,16.065860604937786,22.097560975609756,0.16129032258064516,0,1,1,0.022228822,Baixo,2026-05-11T20:10:58.511270
592,36,Feminino,Belo Horizonte,PR,Moderado,103304.99,132178.67,103530.89,10,126,0,"Cripto, Ações, Exterior",Patrícia Rocha,Agressivo,9.8,188,11.5,6,0,1,225.8999999999942,0,0.21867288308144084,180.0,0.0,0,0,1,0.001168404,Baixo,2026-05-11T20:10:58.511270
593,49,Masculino,Belo Horizonte,PR,Moderado,62385.19,51372.75,81112.38,35,85,7,"Ações, Renda Fixa, FIIs",Patrícia Rocha,Conservador,7.2,404,14.3,56,1,0,18727.19,0,30.018647053892124,52.19298245614035,0.4895104895104895,0,1,1,0.0014202549,Baixo,2026-05-11T20:10:58.511270
594,18,Masculino,Belo Horizonte,MG,Agressivo,115035.4,131708.59,91846.96,51,379,6,"Exterior, Ações",Mariana Costa,Conservador,8.4,268,40.9,45,0,1,-23188.43999999999,1,-20.157655817252767,420.19565217391306,0.1466992665036675,0,1,0,0.9984977,Alto,2026-05-11T20:10:58.511270
595,73,Masculino,Curitiba,SP,Agressivo,65717.03,67557.52,49163.53,30,574,0,"FIIs, Renda Fixa",Patrícia Rocha,Agressivo,0.9,245,22.3,58,0,0,-16553.5,1,-25.189056778737566,291.864406779661,0.0,0,1,0,0.9992243,Alto,2026-05-11T20:10:58.511270
596,22,Masculino,Belo Horizonte,RJ,Agressivo,8814.61,10848.03,8512.26,32,67,9,Cripto,Lucas Oliveira,Conservador,2.7,123,1.6,47,1,0,-302.3500000000004,1,-3.430100707802164,44.666666666666664,5.625,0,1,0,0.986465,Alto,2026-05-11T20:10:58.511270
597,62,Feminino,Porto Alegre,PR,Agressivo,55127.72,56913.64,79049.12,12,508,9,Cripto,Lucas Oliveira,Comercial,4.1,152,24.0,21,1,0,23921.39999999999,0,43.3926888324059,277.09090909090907,0.375,0,0,1,0.00033385595,Baixo,2026-05-11T20:10:58.511270
598,21,Masculino,São Paulo,SP,Conservador,2269.43,2316.49,2812.69,17,453,5,"Exterior, Cripto",João Pereira,Conservador,2.2,274,4.5,47,0,0,543.2600000000002,0,23.93816949630525,160.4375,1.1111111111111112,0,1,1,0.060029287,Baixo,2026-05-11T20:10:58.511270
599,33,Masculino,Rio de Janeiro,RS,Agressivo,195692.6,159934.63,191197.79,40,432,0,Cripto,Bruno Martins,Conservador,1.2,172,47.3,38,0,1,-4494.809999999998,0,-2.2968727483818996,443.0769230769231,0.0,1,1,0,0.042388786,Baixo,2026-05-11T20:10:58.511270
600,41,Masculino,Porto Alegre,PR,Moderado,193183.69,154496.26,205845.91,57,431,1,"Renda Fixa, Ações",Rafael Gomes,Comercial,2.6,151,28.4,9,1,1,12662.22,0,6.554497431951941,2456.7,0.035211267605633804,1,0,1,0.00048743343,Baixo,2026-05-11T20:10:58.511270
601,33,Masculino,Porto Alegre,SP,Agressivo,79635.9,99536.39,53817.28,55,425,4,"Renda Fixa, Cripto",Rafael Gomes,Moderado,5.6,313,12.7,20,1,1,-25818.62,0,-32.42083030392072,1113.095238095238,0.31496062992125984,0,0,0,0.0010443004,Baixo,2026-05-11T20:10:58.511270
602,72,Feminino,Belo Horizonte,SP,Conservador,145945.8,130870.02,216892.73,23,326,1,"FIIs, Cripto, Ações",Carlos Silva,Moderado,7.1,482,27.3,5,0,1,70946.93000000002,0,48.611833982204374,1249.6666666666667,0.03663003663003663,1,0,1,0.00012288931,Baixo,2026-05-11T20:10:58.511270
603,19,Feminino,Curitiba,RJ,Moderado,69815.41,64457.03,83762.2,8,170,9,"Ações, Fundos",Carlos Silva,Comercial,7.9,457,4.2,48,0,1,13946.78999999999,0,19.97666417772236,27.755102040816325,2.142857142857143,0,1,1,0.036322642,Baixo,2026-05-11T20:10:58.511270
604,66,Masculino,São Paulo,RJ,Agressivo,134547.54,155522.72,115288.9,30,465,0,Renda Fixa,Juliana Mendes,Conservador,0.9,210,38.5,0,0,0,-19258.64000000001,0,-14.313632192755076,13950.0,0.0,0,0,0,0.001786289,Baixo,2026-05-11T20:10:58.511270
605,45,Masculino,Curitiba,RS,Agressivo,161280.58,145683.79,181799.91,54,463,5,"Cripto, Exterior, Fundos",Lucas Oliveira,Agressivo,4.6,282,44.5,33,1,1,20519.33000000002,0,12.722753105178578,735.3529411764706,0.11235955056179775,0,1,1,0.003596874,Baixo,2026-05-11T20:10:58.511270
606,49,Masculino,São Paulo,SP,Agressivo,189404.49,240778.08,132305.5,40,193,7,"Cripto, Ações",Carlos Silva,Comercial,1.7,324,42.0,58,0,1,-57098.98999999999,1,-30.14658733802984,130.84745762711864,0.16666666666666666,0,1,0,0.998637,Alto,2026-05-11T20:10:58.511270
607,44,Masculino,São Paulo,SP,Moderado,80642.24,92154.46,118483.85,9,468,7,"Exterior, Renda Fixa, Ações",Mariana Costa,Agressivo,4.6,307,16.7,13,1,1,37841.61,0,46.92529622193034,300.85714285714283,0.4191616766467066,0,0,1,6.225652e-05,Baixo,2026-05-11T20:10:58.511270
608,37,Masculino,Curitiba,RJ,Moderado,156876.3,166046.9,118803.44,59,383,7,"Ações, FIIs, Exterior",Carlos Silva,Moderado,4.6,360,16.0,35,1,1,-38072.85999999999,1,-24.269351074700253,627.6944444444445,0.4375,0,1,0,0.9875737,Alto,2026-05-11T20:10:58.511270
609,41,Masculino,Porto Alegre,PR,Conservador,53919.76,66242.43,63799.33,1,6,5,"Exterior, Ações",Ana Souza,Comercial,5.2,188,2.2,26,0,0,9879.57,0,18.322726213914898,0.2222222222222222,2.2727272727272725,0,0,1,0.00044541535,Baixo,2026-05-11T20:10:58.511270
610,29,Feminino,São Paulo,PR,Moderado,198076.13,144548.74,162602.48,37,368,2,"Ações, FIIs, Renda Fixa",Ana Souza,Agressivo,9.0,276,31.4,8,0,0,-35473.64999999999,0,-17.909098890411475,1512.888888888889,0.06369426751592357,0,0,0,0.00022697951,Baixo,2026-05-11T20:10:58.511270
611,67,Masculino,Curitiba,MG,Moderado,6128.15,5234.9,7634.48,14,76,0,"Exterior, Fundos, FIIs",Mariana Costa,Conservador,8.1,322,25.9,54,1,0,1506.33,0,24.580501456393854,19.345454545454544,0.0,0,1,1,0.019828841,Baixo,2026-05-11T20:10:58.511270
612,52,Feminino,São Paulo,RJ,Agressivo,121102.23,118561.72,157328.66,2,431,1,"Cripto, Renda Fixa",Patrícia Rocha,Comercial,6.5,475,22.3,5,0,1,36226.43000000001,0,29.913924788998525,143.66666666666666,0.04484304932735426,0,0,1,0.000106119776,Baixo,2026-05-11T20:10:58.511270
613,50,Feminino,Rio de Janeiro,MG,Moderado,132241.69,110578.8,159493.76,42,174,4,"FIIs, Exterior",Ana Souza,Agressivo,8.9,366,43.6,30,0,0,27252.07000000001,0,20.60777505187661,235.74193548387098,0.09174311926605504,0,0,1,0.000122542,Baixo,2026-05-11T20:10:58.511270
614,50,Masculino,Porto Alegre,RJ,Agressivo,137921.07,158104.87,159029.82,30,209,9,"Exterior, Cripto",Rafael Gomes,Comercial,6.9,436,8.5,16,1,0,21108.75,0,15.304949417808315,368.8235294117647,1.0588235294117647,0,0,1,0.00022469171,Baixo,2026-05-11T20:10:58.511270
615,68,Feminino,Belo Horizonte,RS,Agressivo,24957.13,31234.47,35020.4,5,341,4,"Exterior, Cripto, Fundos",Rafael Gomes,Comercial,8.3,135,1.0,52,0,1,10063.27,0,40.32222455065947,32.16981132075472,4.0,0,1,1,0.009491105,Baixo,2026-05-11T20:10:58.511270
616,60,Feminino,São Paulo,SP,Moderado,187767.43,179179.34,125947.64,2,476,9,FIIs,Ana Souza,Moderado,5.9,340,4.0,42,1,1,-61819.78999999999,1,-32.92359596123779,22.13953488372093,2.25,0,1,0,0.9977506,Alto,2026-05-11T20:10:58.511270
617,54,Feminino,Rio de Janeiro,RS,Conservador,37055.47,33545.56,33269.26,55,199,0,Cripto,Carlos Silva,Moderado,5.5,266,11.1,59,1,1,-3786.209999999999,1,-10.217681761963886,182.41666666666666,0.0,0,1,0,0.9826728,Alto,2026-05-11T20:10:58.511270
618,29,Feminino,Belo Horizonte,RJ,Conservador,124927.93,159524.28,102872.99,10,279,0,Ações,Juliana Mendes,Conservador,7.4,408,2.1,35,0,0,-22054.93999999999,1,-17.654130665576538,77.5,0.0,0,1,0,0.9487227,Alto,2026-05-11T20:10:58.511270
619,20,Feminino,Belo Horizonte,SP,Moderado,45312.54,43813.21,67480.0,14,11,8,"Renda Fixa, Ações, Fundos",Juliana Mendes,Moderado,0.7,115,24.4,20,1,1,22167.46,0,48.92124784882948,7.333333333333333,0.3278688524590164,0,0,1,0.0006989074,Baixo,2026-05-11T20:10:58.511270
620,18,Feminino,São Paulo,PR,Conservador,62136.07,61727.78,59057.28,44,570,1,"Cripto, Fundos",Rafael Gomes,Moderado,7.1,306,15.4,26,1,0,-3078.790000000001,0,-4.954915880582729,928.8888888888889,0.06493506493506493,0,0,0,0.00056642934,Baixo,2026-05-11T20:10:58.511270
621,50,Masculino,Curitiba,PR,Agressivo,109745.25,99976.82,138207.84,51,577,6,Cripto,Ana Souza,Moderado,9.4,184,9.1,40,0,0,28462.59,0,25.935145256856217,717.7317073170732,0.6593406593406593,0,1,1,0.0008032152,Baixo,2026-05-11T20:10:58.511270
622,57,Feminino,São Paulo,MG,Agressivo,84021.49,104668.01,102191.36,27,182,9,"Fundos, FIIs",Patrícia Rocha,Agressivo,7.3,453,36.1,27,1,0,18169.87,0,21.625265155378695,175.5,0.2493074792243767,0,0,1,0.0008763837,Baixo,2026-05-11T20:10:58.511270
623,27,Feminino,Rio de Janeiro,RJ,Moderado,32884.89,34245.45,26007.78,9,246,3,"FIIs, Fundos, Ações",João Pereira,Comercial,0.8,476,10.2,15,0,0,-6877.110000000001,0,-20.91267448363063,138.375,0.29411764705882354,0,0,0,0.00044089282,Baixo,2026-05-11T20:10:58.511270
624,60,Feminino,Belo Horizonte,RJ,Conservador,35016.34,40524.58,28541.75,37,207,6,"Ações, Renda Fixa",Carlos Silva,Moderado,4.1,424,33.2,34,1,0,-6474.589999999997,1,-18.490196291217178,218.82857142857142,0.18072289156626503,0,1,0,0.9866916,Alto,2026-05-11T20:10:58.511270
625,61,Masculino,São Paulo,PR,Conservador,84210.81,99965.31,71844.97,46,547,7,Cripto,Carlos Silva,Agressivo,8.2,439,17.1,35,1,1,-12365.84,1,-14.684385531976234,698.9444444444445,0.4093567251461988,0,1,0,0.9981432,Alto,2026-05-11T20:10:58.511270
626,46,Feminino,Curitiba,RS,Agressivo,151699.31,137304.48,147150.54,56,466,4,"Fundos, Cripto, Exterior",Juliana Mendes,Comercial,9.6,104,24.8,55,1,0,-4548.76999999999,0,-2.9985436321364873,466.0,0.16129032258064516,0,1,0,0.67731357,Médio,2026-05-11T20:10:58.511270
627,30,Masculino,São Paulo,SP,Moderado,179694.96,172546.08,145713.31,49,84,0,"Cripto, Ações, Exterior",Ana Souza,Moderado,4.0,405,44.9,34,1,0,-33981.64999999999,1,-18.910741848296688,117.6,0.0,0,1,0,0.9805546,Alto,2026-05-11T20:10:58.511270
628,29,Feminino,Porto Alegre,RS,Conservador,17741.4,21450.83,10958.62,49,527,3,"Exterior, Fundos, Ações",Bruno Martins,Moderado,8.5,292,2.3,44,1,0,-6782.780000000001,1,-38.23136843766557,573.8444444444444,1.3043478260869565,0,1,0,0.93861735,Alto,2026-05-11T20:10:58.511270
629,48,Masculino,Curitiba,RS,Moderado,79227.68,72727.3,110241.65,6,421,9,FIIs,Fernanda Alves,Comercial,8.7,301,24.3,18,1,0,31013.97,0,39.14537192052071,132.94736842105263,0.37037037037037035,0,0,1,0.00012039359,Baixo,2026-05-11T20:10:58.511270
630,63,Masculino,Rio de Janeiro,PR,Conservador,20948.87,24643.44,30774.91,14,388,2,Ações,Ana Souza,Agressivo,1.7,70,41.1,56,1,0,9826.04,0,46.90486885450147,95.29824561403508,0.048661800486618,0,1,1,0.00395098,Baixo,2026-05-11T20:10:58.511270
631,19,Feminino,Belo Horizonte,PR,Agressivo,4301.9,5440.16,3903.6,17,395,9,"Cripto, Exterior",Mariana Costa,Agressivo,8.5,356,28.4,20,0,1,-398.2999999999997,0,-9.258699644343192,319.76190476190476,0.31690140845070425,0,0,0,0.0022707353,Baixo,2026-05-11T20:10:58.511270
632,68,Feminino,São Paulo,PR,Agressivo,132682.02,142490.7,120031.61,17,130,4,"Ações, Exterior",Ana Souza,Conservador,3.6,479,13.7,57,1,0,-12650.40999999999,1,-9.534381523585479,38.10344827586207,0.29197080291970806,0,1,0,0.9844402,Alto,2026-05-11T20:10:58.511270
633,67,Masculino,Curitiba,MG,Moderado,120887.44,138413.26,73304.04,51,498,9,"Exterior, Ações, Renda Fixa",Carlos Silva,Comercial,6.1,212,19.4,32,0,0,-47583.40000000001,1,-39.36174014438556,769.6363636363636,0.4639175257731959,0,1,0,0.99881005,Alto,2026-05-11T20:10:58.511270
634,52,Feminino,Porto Alegre,RS,Agressivo,33440.8,39562.42,40537.79,40,51,9,"Cripto, Fundos",João Pereira,Conservador,5.6,405,32.8,22,1,0,7096.989999999998,0,21.22254850362431,88.69565217391305,0.27439024390243905,0,0,1,0.00011261296,Baixo,2026-05-11T20:10:58.511270
635,40,Masculino,Curitiba,RJ,Conservador,47528.75,57368.33,63826.16,23,480,5,"Ações, Fundos",Mariana Costa,Agressivo,6.8,313,42.8,54,1,0,16297.41,0,34.28958262104516,200.72727272727272,0.11682242990654207,0,1,1,0.0039019533,Baixo,2026-05-11T20:10:58.511270
636,34,Masculino,Porto Alegre,SP,Agressivo,5717.84,5357.8,4185.16,1,468,1,"Renda Fixa, FIIs",Juliana Mendes,Moderado,7.5,117,2.5,5,0,1,-1532.68,0,-26.805227148713506,78.0,0.4,0,0,0,0.0010033428,Baixo,2026-05-11T20:10:58.511270
637,43,Masculino,Rio de Janeiro,MG,Moderado,167154.49,122149.49,124312.75,39,127,6,"Exterior, Fundos",Lucas Oliveira,Conservador,4.7,156,3.9,31,0,0,-42841.73999999999,0,-25.630026450381315,154.78125,1.5384615384615385,0,1,0,0.0033668398,Baixo,2026-05-11T20:10:58.511270
638,25,Masculino,Belo Horizonte,RJ,Moderado,194963.43,183485.11,255611.66,19,478,2,Ações,Lucas Oliveira,Agressivo,8.9,449,15.9,21,0,0,60648.23000000001,0,31.10749026112231,412.8181818181818,0.12578616352201258,1,0,1,0.00018912519,Baixo,2026-05-11T20:10:58.511270
639,46,Masculino,Rio de Janeiro,RS,Moderado,27956.45,30871.01,32280.24,33,138,0,Exterior,Bruno Martins,Agressivo,8.2,116,11.6,2,1,0,4323.790000000001,0,15.466162549250711,1518.0,0.0,0,0,1,0.00010930901,Baixo,2026-05-11T20:10:58.511270
640,43,Feminino,São Paulo,PR,Conservador,47063.57,45661.56,30138.31,42,566,9,"Ações, FIIs, Cripto",Juliana Mendes,Moderado,8.0,248,13.1,34,0,0,-16925.26,1,-35.962550227277696,679.2,0.6870229007633588,0,1,0,0.9985189,Alto,2026-05-11T20:10:58.511270
641,27,Masculino,Curitiba,RS,Conservador,173813.5,199777.39,201674.46,25,27,2,"Exterior, FIIs, Fundos",Patrícia Rocha,Comercial,4.9,241,11.0,15,1,1,27860.95999999999,0,16.029226728648805,42.1875,0.18181818181818182,1,0,1,0.0008778588,Baixo,2026-05-11T20:10:58.511270
642,43,Masculino,Porto Alegre,SP,Conservador,185366.3,169459.92,162756.42,6,570,8,"Fundos, Ações, Cripto",Rafael Gomes,Agressivo,0.9,51,9.8,41,1,1,-22609.87999999998,1,-12.19740589308843,81.42857142857143,0.8163265306122448,0,1,0,0.68981135,Médio,2026-05-11T20:10:58.511270
643,51,Feminino,Porto Alegre,MG,Conservador,84505.85,91337.85,78747.0,37,239,9,"Cripto, Fundos",Bruno Martins,Conservador,5.2,306,6.7,58,0,1,-5758.850000000006,1,-6.814735311224022,149.88135593220338,1.3432835820895521,0,1,0,0.9971635,Alto,2026-05-11T20:10:58.511270
644,68,Masculino,Curitiba,MG,Conservador,11073.87,8990.34,14315.84,29,63,5,"Exterior, Cripto",Lucas Oliveira,Moderado,9.0,491,44.9,24,1,0,3241.969999999999,0,29.275853879447737,73.08,0.111358574610245,0,0,1,0.0001246138,Baixo,2026-05-11T20:10:58.511270
645,58,Feminino,Curitiba,SP,Agressivo,8838.97,10161.47,11754.43,41,168,5,"Renda Fixa, Exterior",Rafael Gomes,Comercial,2.3,50,7.3,16,0,1,2915.460000000001,0,32.98415991908561,405.1764705882353,0.684931506849315,0,0,1,0.00030826576,Baixo,2026-05-11T20:10:58.511270
646,24,Feminino,São Paulo,RJ,Conservador,115216.02,118374.96,110644.36,4,220,3,"Renda Fixa, Exterior, Ações",Patrícia Rocha,Comercial,9.8,407,10.2,38,0,1,-4571.660000000003,1,-3.9679030745898043,22.564102564102566,0.29411764705882354,0,1,0,0.9831701,Alto,2026-05-11T20:10:58.511270
647,21,Feminino,Rio de Janeiro,RJ,Conservador,79186.13,65125.73,115012.92,10,187,7,"Cripto, Renda Fixa, Ações",Juliana Mendes,Comercial,8.2,164,12.2,12,0,1,35826.78999999999,0,45.24376933182616,143.84615384615384,0.5737704918032788,0,0,1,9.8391145e-05,Baixo,2026-05-11T20:10:58.511270
648,70,Masculino,Porto Alegre,MG,Agressivo,6701.83,5865.08,6472.74,0,573,4,FIIs,Rafael Gomes,Agressivo,7.2,440,44.8,27,0,1,-229.0900000000001,0,-3.418320070786638,0.0,0.08928571428571429,0,0,0,0.00079667266,Baixo,2026-05-11T20:10:58.511270
649,67,Masculino,São Paulo,MG,Conservador,117067.23,134529.59,151561.37,33,94,6,"Exterior, Ações, Cripto",Juliana Mendes,Comercial,6.9,137,36.4,10,1,1,34494.14,0,29.46523976009341,282.0,0.16483516483516483,0,0,1,0.00016209588,Baixo,2026-05-11T20:10:58.511270
650,62,Masculino,Rio de Janeiro,PR,Moderado,3249.2,3215.28,3364.51,55,315,8,"Ações, FIIs",Patrícia Rocha,Agressivo,6.1,246,38.0,9,1,0,115.3100000000004,0,3.5488735688785056,1732.5,0.21052631578947367,0,0,1,0.0007837546,Baixo,2026-05-11T20:10:58.511270
651,28,Feminino,São Paulo,RJ,Conservador,157687.02,130820.13,221988.49,0,561,4,"Exterior, Ações, Renda Fixa",Fernanda Alves,Moderado,7.3,141,5.5,38,0,1,64301.47,0,40.77790930413931,0.0,0.7272727272727273,1,1,1,0.0010281522,Baixo,2026-05-11T20:10:58.511270
652,46,Masculino,Porto Alegre,SP,Conservador,61980.13,79357.05,87824.92,18,261,4,Exterior,Mariana Costa,Moderado,4.5,323,40.2,23,0,1,25844.79,0,41.69850886082362,195.75,0.09950248756218905,0,0,1,0.0001215507,Baixo,2026-05-11T20:10:58.511270
653,73,Feminino,Curitiba,RJ,Moderado,9011.34,10174.48,6115.77,1,537,3,"Renda Fixa, Fundos",Rafael Gomes,Comercial,8.5,393,19.9,37,1,1,-2895.57,1,-32.13251303357769,14.131578947368421,0.15075376884422112,0,1,0,0.9841451,Alto,2026-05-11T20:10:58.511270
654,53,Masculino,Curitiba,PR,Moderado,118082.09,150469.75,170374.03,20,537,5,Ações,Rafael Gomes,Moderado,7.1,209,13.0,23,1,0,52291.94,0,44.2843957114919,447.5,0.38461538461538464,0,0,1,0.00014579014,Baixo,2026-05-11T20:10:58.511270
655,42,Feminino,Rio de Janeiro,MG,Moderado,80139.2,76634.15,107625.45,19,56,1,"Fundos, FIIs",Juliana Mendes,Conservador,7.8,222,27.8,32,0,0,27486.25,0,34.298133747279735,32.24242424242424,0.03597122302158273,0,1,1,0.00031950805,Baixo,2026-05-11T20:10:58.511270
656,38,Masculino,Belo Horizonte,MG,Moderado,194786.28,191876.21,255594.59,22,342,2,Exterior,Juliana Mendes,Conservador,8.0,82,39.6,16,1,1,60808.31,0,31.217963606060962,442.5882352941176,0.050505050505050504,1,0,1,0.0001447885,Baixo,2026-05-11T20:10:58.511270
657,74,Masculino,Rio de Janeiro,PR,Conservador,109295.53,135392.37,85340.16,20,175,0,"Ações, Cripto",Rafael Gomes,Agressivo,1.4,122,37.5,56,1,0,-23955.37,1,-21.917977798360095,61.40350877192982,0.0,0,1,0,0.9997303,Alto,2026-05-11T20:10:58.511270
658,53,Masculino,Belo Horizonte,SP,Moderado,55772.6,56610.84,73876.79,23,71,1,Ações,Juliana Mendes,Comercial,1.0,482,42.8,43,1,0,18104.19,0,32.46072444175096,37.11363636363637,0.023364485981308414,0,1,1,0.0046293093,Baixo,2026-05-11T20:10:58.511270
659,27,Feminino,São Paulo,MG,Moderado,142178.33,159860.67,194090.41,3,304,1,"Exterior, FIIs, Renda Fixa",João Pereira,Agressivo,8.1,466,44.6,35,1,1,51912.08000000002,0,36.51194946515409,25.333333333333332,0.02242152466367713,1,1,1,0.0009763188,Baixo,2026-05-11T20:10:58.511270
660,54,Feminino,São Paulo,RS,Agressivo,55026.91,46844.61,47336.09,11,236,7,"Fundos, Ações",João Pereira,Moderado,3.0,245,11.8,34,0,0,-7690.820000000007,0,-13.97647078493051,74.17142857142858,0.5932203389830508,0,1,0,0.03649894,Baixo,2026-05-11T20:10:58.511270
661,26,Masculino,Porto Alegre,MG,Moderado,180944.41,175160.68,263642.17,21,72,7,"Ações, FIIs, Cripto",Fernanda Alves,Comercial,6.0,333,20.6,5,1,1,82697.75999999998,0,45.703406919285314,252.0,0.3398058252427184,1,0,1,0.0005786981,Baixo,2026-05-11T20:10:58.511270
662,41,Masculino,Belo Horizonte,RS,Moderado,75569.67,58496.21,48732.93,19,510,1,"Cripto, FIIs, Renda Fixa",Fernanda Alves,Agressivo,4.7,136,1.2,57,0,1,-26836.74,1,-35.51258064247204,167.06896551724137,0.8333333333333334,0,1,0,0.9923071,Alto,2026-05-11T20:10:58.511270
663,52,Feminino,Porto Alegre,PR,Agressivo,110423.84,90943.75,81152.5,17,32,5,Ações,Fernanda Alves,Comercial,0.7,358,42.3,59,0,1,-29271.34,1,-26.508170699370716,9.066666666666666,0.1182033096926714,0,1,0,0.9991911,Alto,2026-05-11T20:10:58.511270
664,66,Feminino,Curitiba,PR,Agressivo,11064.05,7751.1,11991.47,0,55,4,Renda Fixa,Lucas Oliveira,Comercial,0.9,273,7.8,15,0,0,927.4200000000001,0,8.38228316032556,0.0,0.5128205128205129,0,0,1,0.0013402681,Baixo,2026-05-11T20:10:58.511270
665,52,Feminino,Belo Horizonte,MG,Conservador,85798.13,62080.01,95940.6,29,264,2,"Ações, Fundos",Lucas Oliveira,Agressivo,8.4,93,41.4,44,1,1,10142.47,0,11.821318250176315,170.13333333333333,0.04830917874396135,0,1,1,0.0017569528,Baixo,2026-05-11T20:10:58.511270
666,65,Masculino,Rio de Janeiro,RJ,Agressivo,166640.34,214361.18,196741.43,32,595,4,Ações,Ana Souza,Comercial,6.3,385,16.1,27,1,1,30101.09,0,18.06350731161494,680.0,0.24844720496894407,1,0,1,0.0007470591,Baixo,2026-05-11T20:10:58.511270
667,53,Feminino,Curitiba,RS,Conservador,161324.11,136385.37,99258.24,23,590,4,"FIIs, Cripto",Bruno Martins,Moderado,5.5,488,18.0,40,0,0,-62065.86999999998,1,-38.47278004509059,330.9756097560976,0.2222222222222222,0,1,0,0.99560285,Alto,2026-05-11T20:10:58.511270
668,35,Masculino,Curitiba,SP,Agressivo,45639.39,50111.43,66831.13,13,188,4,"Exterior, Ações, Fundos",Mariana Costa,Conservador,9.5,187,2.4,31,1,1,21191.74000000001,0,46.433004472671534,76.375,1.6666666666666667,0,1,1,0.0016603225,Baixo,2026-05-11T20:10:58.511270
669,66,Feminino,Rio de Janeiro,MG,Agressivo,45989.74,55346.8,29439.38,35,27,2,"Exterior, Fundos, Renda Fixa",João Pereira,Conservador,2.1,319,16.0,25,0,0,-16550.36,0,-35.987070159561675,36.34615384615385,0.125,0,0,0,0.0008344881,Baixo,2026-05-11T20:10:58.511270
670,56,Masculino,Curitiba,SP,Conservador,163643.76,168617.92,119256.33,4,133,2,Renda Fixa,Patrícia Rocha,Comercial,3.0,408,42.7,10,0,0,-44387.43000000001,0,-27.124425642627624,48.36363636363637,0.046838407494145196,0,0,0,0.00088125974,Baixo,2026-05-11T20:10:58.511270
671,49,Feminino,Belo Horizonte,MG,Agressivo,186149.29,147409.15,114037.49,10,295,3,Exterior,Mariana Costa,Conservador,7.7,85,1.7,51,1,1,-72111.8,1,-38.738691939141965,56.73076923076923,1.7647058823529411,0,1,0,0.99595356,Alto,2026-05-11T20:10:58.511270
672,41,Feminino,Porto Alegre,RJ,Conservador,19976.82,22711.04,22177.72,23,505,6,"FIIs, Exterior, Ações",Mariana Costa,Comercial,7.9,83,19.8,24,1,0,2200.900000000001,0,11.017269014788148,464.6,0.30303030303030304,0,0,1,0.00016603056,Baixo,2026-05-11T20:10:58.511270
673,40,Feminino,Curitiba,RJ,Agressivo,90561.67,96009.03,130321.88,59,190,1,"Cripto, Renda Fixa",Patrícia Rocha,Agressivo,4.3,137,2.0,30,1,1,39760.21000000001,0,43.90401590430036,361.61290322580646,0.5,0,0,1,0.00014726387,Baixo,2026-05-11T20:10:58.511270
674,49,Feminino,Belo Horizonte,RJ,Moderado,68153.4,77609.71,81739.95,30,483,9,"Fundos, Exterior",Carlos Silva,Moderado,9.5,195,18.1,20,0,0,13586.55,0,19.93524901178812,690.0,0.49723756906077343,0,0,1,0.00041533617,Baixo,2026-05-11T20:10:58.511270
675,54,Feminino,São Paulo,RJ,Agressivo,174267.0,202471.76,233586.04,54,575,3,"Fundos, Renda Fixa",Rafael Gomes,Conservador,9.4,65,8.7,44,0,0,59319.04000000001,0,34.03916977970586,690.0,0.3448275862068966,1,1,1,0.0018828929,Baixo,2026-05-11T20:10:58.511270
676,29,Masculino,Belo Horizonte,PR,Conservador,17621.46,22647.91,10783.51,12,496,3,"Ações, Cripto, Fundos",Bruno Martins,Agressivo,0.6,282,12.5,54,1,0,-6837.949999999999,1,-38.80467339255657,108.21818181818182,0.24,0,1,0,0.9919857,Alto,2026-05-11T20:10:58.511270
677,66,Feminino,Porto Alegre,PR,Agressivo,43014.06,44912.61,46791.29,15,517,0,"Renda Fixa, Fundos, Exterior",Ana Souza,Moderado,2.1,470,42.2,50,0,0,3777.230000000003,0,8.781384505438462,152.05882352941177,0.0,0,1,1,0.005221267,Baixo,2026-05-11T20:10:58.511270
678,72,Feminino,Belo Horizonte,RS,Conservador,150741.2,136418.47,152792.29,23,71,9,"Cripto, Fundos, Renda Fixa",Fernanda Alves,Conservador,8.3,90,21.2,2,0,1,2051.089999999997,0,1.3606698102443102,544.3333333333334,0.42452830188679247,0,0,1,0.00014348203,Baixo,2026-05-11T20:10:58.511270
679,30,Feminino,Rio de Janeiro,SP,Conservador,11207.48,12205.83,11757.44,12,471,7,"Exterior, FIIs, Renda Fixa",Patrícia Rocha,Conservador,3.7,304,13.5,11,0,1,549.960000000001,0,4.907079914485692,471.0,0.5185185185185185,0,0,1,0.0010423975,Baixo,2026-05-11T20:10:58.511270
680,40,Masculino,Porto Alegre,MG,Moderado,99014.54,73376.15,65843.86,23,289,0,"Exterior, Ações, Fundos",Lucas Oliveira,Moderado,1.4,330,28.5,50,1,0,-33170.67999999999,1,-33.50081715271312,130.33333333333334,0.0,0,1,0,0.9885507,Alto,2026-05-11T20:10:58.511270
681,42,Feminino,São Paulo,MG,Moderado,88979.3,110195.38,108198.1,53,421,7,"Renda Fixa, Exterior, Cripto",Fernanda Alves,Agressivo,8.0,175,7.3,39,1,1,19218.8,1,21.59918093309343,557.825,0.9589041095890412,0,1,1,0.9635425,Alto,2026-05-11T20:10:58.511270
682,52,Masculino,Rio de Janeiro,PR,Conservador,67545.83,52120.29,71118.89,25,104,6,"Ações, Fundos, FIIs",Juliana Mendes,Agressivo,4.8,57,12.8,45,1,1,3573.059999999998,0,5.289830623148753,56.52173913043478,0.46875,0,1,1,0.007240694,Baixo,2026-05-11T20:10:58.511270
683,58,Feminino,Belo Horizonte,MG,Agressivo,79519.89,71305.94,102472.03,1,193,8,"Cripto, FIIs",Patrícia Rocha,Conservador,5.2,417,26.4,53,0,1,22952.14,0,28.863395057513287,3.574074074074074,0.30303030303030304,0,1,1,0.001252468,Baixo,2026-05-11T20:10:58.511270
684,47,Feminino,Porto Alegre,PR,Conservador,106458.18,126626.39,110371.75,15,392,7,"Exterior, Fundos, Renda Fixa",Fernanda Alves,Moderado,2.3,399,11.8,40,1,1,3913.570000000007,1,3.6761571539171602,143.41463414634146,0.5932203389830508,0,1,1,0.9935179,Alto,2026-05-11T20:10:58.511270
685,34,Masculino,São Paulo,RS,Conservador,33112.1,35045.43,24318.97,37,245,4,"Cripto, Renda Fixa",Rafael Gomes,Agressivo,6.8,389,32.8,24,0,1,-8793.129999999997,0,-26.555639781228003,362.6,0.12195121951219513,0,0,0,0.0028025857,Baixo,2026-05-11T20:10:58.511270
686,66,Feminino,Rio de Janeiro,SP,Agressivo,114827.18,107499.06,135890.07,45,421,7,"Cripto, FIIs, Renda Fixa",Rafael Gomes,Moderado,5.7,451,23.8,55,0,1,21062.89000000001,0,18.343122246840874,338.30357142857144,0.29411764705882354,0,1,1,0.008830758,Baixo,2026-05-11T20:10:58.511270
687,37,Masculino,São Paulo,RS,Agressivo,161281.03,158710.44,121791.0,0,180,9,"Fundos, FIIs, Renda Fixa",Rafael Gomes,Moderado,2.5,373,37.2,16,0,1,-39490.03,0,-24.48522929200043,0.0,0.24193548387096772,0,0,0,0.0041684746,Baixo,2026-05-11T20:10:58.511270
688,65,Masculino,Belo Horizonte,RJ,Agressivo,152272.03,184664.62,210920.38,48,391,2,"Cripto, Ações",Fernanda Alves,Conservador,3.7,225,45.5,37,1,0,58648.35000000001,0,38.51551069490569,493.89473684210526,0.04395604395604396,1,1,1,0.0035619184,Baixo,2026-05-11T20:10:58.511270
689,42,Feminino,São Paulo,RJ,Agressivo,31626.08,28590.06,36427.06,10,475,9,"Fundos, Exterior",Rafael Gomes,Moderado,6.2,277,6.0,35,0,1,4800.979999999996,0,15.18044601164607,131.94444444444446,1.5,0,1,1,0.0153858,Baixo,2026-05-11T20:10:58.511270
690,39,Masculino,Curitiba,RJ,Conservador,30700.64,37509.73,22764.02,50,237,6,FIIs,João Pereira,Moderado,9.3,372,16.4,35,1,0,-7936.619999999999,1,-25.851643483653756,329.1666666666667,0.3658536585365854,0,1,0,0.9881941,Alto,2026-05-11T20:10:58.511270
691,30,Feminino,Rio de Janeiro,RS,Conservador,54366.7,40931.64,79707.25,34,456,3,"Exterior, Renda Fixa",Lucas Oliveira,Comercial,9.2,451,15.7,18,0,0,25340.55,0,46.61042513156032,816.0,0.1910828025477707,0,0,1,7.519771e-05,Baixo,2026-05-11T20:10:58.511270
692,36,Feminino,São Paulo,MG,Moderado,72853.87,84953.37,77700.76,42,281,4,"Cripto, Renda Fixa",Ana Souza,Moderado,3.2,416,7.7,43,1,0,4846.889999999999,1,6.652892976035453,268.22727272727275,0.5194805194805194,0,1,1,0.9664972,Alto,2026-05-11T20:10:58.511270
693,66,Masculino,Belo Horizonte,SP,Conservador,82282.66,99440.95,54768.05,28,233,8,"Cripto, FIIs",Patrícia Rocha,Agressivo,7.5,67,39.0,56,1,1,-27514.61,1,-33.43913529290376,114.45614035087719,0.20512820512820512,0,1,0,0.9996996,Alto,2026-05-11T20:10:58.511270
694,53,Masculino,Belo Horizonte,RJ,Agressivo,136259.75,110246.48,158626.74,36,175,6,"Ações, Renda Fixa",Mariana Costa,Conservador,7.9,105,36.6,1,1,1,22366.98999999999,0,16.414964800683983,3150.0,0.16393442622950818,0,0,1,7.570193e-05,Baixo,2026-05-11T20:10:58.511270
695,29,Masculino,São Paulo,RJ,Moderado,12279.41,11766.23,10165.87,16,217,3,"FIIs, Cripto, Ações",Fernanda Alves,Conservador,8.2,456,23.5,16,1,0,-2113.539999999999,0,-17.21206474903924,204.23529411764707,0.1276595744680851,0,0,0,0.00026735532,Baixo,2026-05-11T20:10:58.511270
696,58,Masculino,Belo Horizonte,RJ,Agressivo,7899.87,6314.37,10454.09,57,286,5,Fundos,Fernanda Alves,Moderado,5.9,84,26.0,29,1,0,2554.22,0,32.33243078683574,543.4,0.19230769230769232,0,0,1,0.00010413377,Baixo,2026-05-11T20:10:58.511270
697,36,Feminino,Porto Alegre,SP,Conservador,78990.2,88782.02,105534.06,53,45,9,"Ações, Exterior",Lucas Oliveira,Moderado,0.6,439,3.3,46,1,1,26543.86,0,33.60399138120931,50.744680851063826,2.7272727272727275,0,1,1,0.003521733,Baixo,2026-05-11T20:10:58.511270
698,29,Feminino,Porto Alegre,RJ,Moderado,139735.57,142699.17,206955.73,38,126,6,"Cripto, Exterior",Carlos Silva,Agressivo,7.7,167,26.9,9,1,1,67220.16,0,48.10526052886892,478.8,0.2230483271375465,1,0,1,0.00027758308,Baixo,2026-05-11T20:10:58.511270
699,26,Masculino,Porto Alegre,SP,Agressivo,39493.63,42700.28,41534.76,41,231,9,"Exterior, Fundos, Cripto",Bruno Martins,Comercial,1.5,331,38.1,34,1,1,2041.130000000005,1,5.168251183798513,270.6,0.23622047244094488,0,1,1,0.96518433,Alto,2026-05-11T20:10:58.511270
700,24,Feminino,Curitiba,RJ,Moderado,128659.39,105229.51,129876.66,27,298,8,FIIs,Juliana Mendes,Conservador,1.6,303,27.8,51,0,0,1217.270000000004,0,0.9461182739946179,154.73076923076923,0.28776978417266186,0,1,1,0.0017010178,Baixo,2026-05-11T20:10:58.511270
701,45,Feminino,São Paulo,RS,Moderado,52705.8,43590.2,67364.76,28,271,3,Ações,Patrícia Rocha,Comercial,6.3,262,13.1,35,0,0,14658.95999999999,0,27.81280238607514,210.77777777777777,0.22900763358778625,0,1,1,0.00021989991,Baixo,2026-05-11T20:10:58.511270
702,31,Feminino,Curitiba,RS,Conservador,177331.14,128547.06,127540.74,42,545,9,"Cripto, FIIs, Renda Fixa",Carlos Silva,Agressivo,9.8,110,32.2,53,0,1,-49790.40000000001,1,-28.077640509162695,423.8888888888889,0.2795031055900621,0,1,0,0.9910649,Alto,2026-05-11T20:10:58.511270
703,48,Feminino,Belo Horizonte,SP,Agressivo,179242.3,160106.49,195772.74,2,455,2,"Cripto, Ações, Renda Fixa",Juliana Mendes,Conservador,2.8,137,17.7,32,0,1,16530.44,0,9.22239895381838,27.575757575757574,0.11299435028248588,1,1,1,0.003468938,Baixo,2026-05-11T20:10:58.511270
704,69,Masculino,Curitiba,RS,Moderado,60160.15,62316.7,65672.19,51,453,7,FIIs,Bruno Martins,Agressivo,6.6,320,26.4,0,0,0,5512.040000000001,0,9.162277687140076,23103.0,0.26515151515151514,0,0,1,0.0002315718,Baixo,2026-05-11T20:10:58.511270
705,36,Masculino,Belo Horizonte,SP,Moderado,46768.76,56812.86,31827.35,9,65,0,Renda Fixa,Mariana Costa,Moderado,3.4,396,23.7,17,1,1,-14941.41,0,-31.947415325956907,32.5,0.0,0,0,0,0.0031695056,Baixo,2026-05-11T20:10:58.511270
706,64,Feminino,Belo Horizonte,RS,Agressivo,82849.49,91147.4,80876.49,58,506,8,"Exterior, Cripto, Renda Fixa",Fernanda Alves,Agressivo,9.0,81,18.6,3,1,1,-1973.0,0,-2.381426850062686,7337.0,0.4301075268817204,0,0,0,0.001577046,Baixo,2026-05-11T20:10:58.511270
707,33,Masculino,Rio de Janeiro,RS,Moderado,48865.79,46971.64,66846.27,41,151,0,Ações,Rafael Gomes,Moderado,6.1,445,34.6,54,1,0,17980.48,0,36.79563964892413,112.56363636363636,0.0,0,1,1,0.0008441021,Baixo,2026-05-11T20:10:58.511270
708,70,Masculino,Porto Alegre,SP,Moderado,134804.38,171453.93,184754.56,13,338,1,"Fundos, FIIs, Ações",Lucas Oliveira,Comercial,2.5,182,42.5,53,1,0,49950.17999999999,0,37.05382569913529,81.37037037037037,0.023529411764705882,1,1,1,0.0030628592,Baixo,2026-05-11T20:10:58.511270
709,22,Masculino,Belo Horizonte,MG,Moderado,165386.87,187143.04,114003.47,11,146,7,Ações,Patrícia Rocha,Conservador,3.0,113,0.7,46,1,0,-51383.39999999999,1,-31.06860901352084,34.170212765957444,10.0,0,1,0,0.9926103,Alto,2026-05-11T20:10:58.511270
710,52,Feminino,Rio de Janeiro,RS,Agressivo,134945.33,169774.6,91985.32,46,48,8,"FIIs, Cripto, Exterior",Lucas Oliveira,Conservador,4.6,248,44.8,26,0,0,-42960.00999999998,0,-31.83512167482934,81.77777777777777,0.17857142857142858,0,0,0,0.009385946,Baixo,2026-05-11T20:10:58.511270
711,29,Feminino,Porto Alegre,RJ,Agressivo,165045.74,167777.71,138048.54,41,148,6,"Ações, Exterior, FIIs",Ana Souza,Comercial,1.7,305,24.8,24,0,1,-26997.19999999998,0,-16.357404923023147,242.72,0.24193548387096772,0,0,0,0.0011989344,Baixo,2026-05-11T20:10:58.511270
712,42,Feminino,Belo Horizonte,MG,Agressivo,80001.44,68428.64,110985.15,29,337,2,"Fundos, Ações",Mariana Costa,Moderado,1.2,391,33.8,54,1,0,30983.70999999999,0,38.728940379073165,177.6909090909091,0.0591715976331361,0,1,1,0.00097130594,Baixo,2026-05-11T20:10:58.511270
713,69,Masculino,Belo Horizonte,SP,Agressivo,32107.08,23492.62,22989.07,31,501,6,"Renda Fixa, Ações",Ana Souza,Conservador,7.0,204,41.1,27,0,1,-9118.010000000002,0,-28.3987519263664,554.6785714285714,0.145985401459854,0,0,0,0.002805348,Baixo,2026-05-11T20:10:58.511270
714,38,Feminino,Curitiba,MG,Conservador,147852.24,167908.53,184519.17,31,400,5,"Cripto, Exterior",Bruno Martins,Agressivo,4.4,280,22.7,52,0,1,36666.93000000002,0,24.79971219915236,233.96226415094338,0.22026431718061676,1,1,1,0.0015100756,Baixo,2026-05-11T20:10:58.511270
715,53,Feminino,Curitiba,PR,Moderado,72734.43,56207.84,50263.06,41,59,1,Cripto,Bruno Martins,Moderado,7.4,350,40.2,21,1,1,-22471.37,0,-30.895093286631926,109.95454545454545,0.02487562189054726,0,0,0,0.0011509407,Baixo,2026-05-11T20:10:58.511270
716,70,Masculino,Porto Alegre,PR,Agressivo,134582.89,118657.03,156227.06,31,311,2,"FIIs, Cripto, Renda Fixa",João Pereira,Conservador,1.5,84,8.9,41,1,0,21644.16999999998,0,16.082408395301943,229.54761904761904,0.2247191011235955,0,1,1,0.004826466,Baixo,2026-05-11T20:10:58.511270
717,40,Feminino,Belo Horizonte,RS,Moderado,54858.14,55926.92,50494.75,25,427,9,"Exterior, Renda Fixa",Bruno Martins,Agressivo,6.3,75,8.1,24,0,0,-4363.389999999999,0,-7.95395177452243,427.0,1.1111111111111112,0,0,0,0.0010566174,Baixo,2026-05-11T20:10:58.511270
718,33,Feminino,São Paulo,RS,Moderado,17164.7,17828.11,22486.14,50,421,9,"Ações, Fundos",Carlos Silva,Agressivo,4.7,72,31.7,16,0,1,5321.439999999999,0,31.002231323588518,1238.235294117647,0.28391167192429023,0,0,1,0.00034771572,Baixo,2026-05-11T20:10:58.511270
719,74,Masculino,Curitiba,RJ,Conservador,198523.78,210504.67,160868.07,0,329,4,Fundos,Carlos Silva,Conservador,1.1,190,41.8,58,1,1,-37655.70999999999,1,-18.96785866156689,0.0,0.09569377990430622,0,1,0,0.99784684,Alto,2026-05-11T20:10:58.511270
720,56,Masculino,Porto Alegre,MG,Agressivo,32084.1,25659.36,37707.85,55,84,9,Cripto,Rafael Gomes,Comercial,5.7,436,42.9,56,0,0,5623.75,0,17.528152574016413,81.05263157894737,0.2097902097902098,0,1,1,0.0014884518,Baixo,2026-05-11T20:10:58.511270
721,62,Masculino,Belo Horizonte,PR,Agressivo,197695.78,183430.54,160551.57,57,35,3,"FIIs, Exterior, Fundos",Fernanda Alves,Comercial,1.3,334,31.1,53,1,1,-37144.20999999999,1,-18.788569993755047,36.94444444444444,0.09646302250803858,0,1,0,0.99850804,Alto,2026-05-11T20:10:58.511270
722,70,Feminino,Belo Horizonte,RS,Moderado,195478.71,209224.1,242842.08,41,116,1,"Renda Fixa, Cripto, Fundos",Lucas Oliveira,Conservador,8.4,499,25.5,43,0,1,47363.37,0,24.2294263145076,108.0909090909091,0.0392156862745098,1,1,1,0.0018741381,Baixo,2026-05-11T20:10:58.511270
723,59,Feminino,São Paulo,MG,Agressivo,158969.8,203782.01,220381.46,1,562,3,Cripto,Fernanda Alves,Agressivo,6.5,369,16.2,51,0,1,61411.66,0,38.631022999336984,10.807692307692308,0.1851851851851852,1,1,1,0.0041538444,Baixo,2026-05-11T20:10:58.511270
724,56,Feminino,Porto Alegre,RS,Moderado,132225.17,150284.31,94424.85,16,568,7,"Cripto, Fundos, FIIs",Fernanda Alves,Comercial,5.8,205,47.1,11,1,1,-37800.32000000001,0,-28.587839970256802,757.3333333333334,0.14861995753715498,0,0,0,0.004596418,Baixo,2026-05-11T20:10:58.511270
725,31,Masculino,Belo Horizonte,RS,Moderado,115983.6,145392.66,160049.96,29,476,4,"Cripto, Fundos",Carlos Silva,Comercial,1.8,469,15.7,15,0,1,44066.35999999999,0,37.99361289009824,862.75,0.25477707006369427,0,0,1,0.00017219252,Baixo,2026-05-11T20:10:58.511270
726,48,Masculino,Curitiba,PR,Conservador,173354.21,200627.55,196621.42,55,78,4,Renda Fixa,Lucas Oliveira,Comercial,3.2,162,35.8,36,1,1,23267.21000000002,1,13.421773835201362,115.94594594594595,0.111731843575419,1,1,1,0.9452497,Alto,2026-05-11T20:10:58.511270
727,22,Feminino,São Paulo,PR,Conservador,58598.46,61823.14,41862.71,38,557,9,"Cripto, Ações",Rafael Gomes,Moderado,5.2,439,25.8,15,0,1,-16735.75,0,-28.560050895535483,1322.875,0.3488372093023256,0,0,0,0.0048914086,Baixo,2026-05-11T20:10:58.511270
728,52,Feminino,Porto Alegre,RS,Conservador,94068.56,76686.01,92637.56,6,483,2,"Ações, Exterior, Cripto",Mariana Costa,Comercial,6.5,188,29.4,16,0,1,-1431.0,0,-1.5212308979748388,170.47058823529412,0.06802721088435375,0,0,0,0.0007471239,Baixo,2026-05-11T20:10:58.511270
729,40,Masculino,São Paulo,SP,Moderado,124258.6,136685.88,92544.61,51,593,7,"FIIs, Exterior, Fundos",João Pereira,Conservador,2.2,471,19.2,54,1,0,-31713.99000000001,1,-25.52257147593809,549.8727272727273,0.36458333333333337,0,1,0,0.99934405,Alto,2026-05-11T20:10:58.511270
730,46,Masculino,Curitiba,RS,Agressivo,82826.9,88958.39,101903.02,26,391,5,"Renda Fixa, Cripto",Carlos Silva,Conservador,0.6,423,46.3,30,0,0,19076.12000000001,0,23.031309876380753,327.93548387096774,0.10799136069114472,0,0,1,0.0008295331,Baixo,2026-05-11T20:10:58.511270
731,60,Masculino,Porto Alegre,RS,Conservador,86069.8,91361.5,110425.95,8,568,1,Exterior,Ana Souza,Moderado,3.8,467,27.7,14,1,1,24356.14999999999,0,28.29813709338234,302.93333333333334,0.036101083032490974,0,0,1,0.00019499322,Baixo,2026-05-11T20:10:58.511270
732,28,Masculino,São Paulo,RJ,Agressivo,66726.65,66317.72,46389.49,21,437,1,"FIIs, Ações, Fundos",João Pereira,Moderado,5.1,258,45.0,12,1,1,-20337.16,0,-30.478317134158537,705.9230769230769,0.022222222222222223,0,0,0,0.00052758225,Baixo,2026-05-11T20:10:58.511270
733,35,Feminino,Rio de Janeiro,RJ,Conservador,113282.13,115229.9,119572.22,33,416,8,"Ações, Cripto, Fundos",Mariana Costa,Conservador,2.3,372,0.9,39,0,0,6290.089999999997,0,5.552588038378159,343.2,8.88888888888889,0,1,1,0.2172815,Baixo,2026-05-11T20:10:58.511270
734,64,Masculino,Curitiba,RJ,Conservador,170264.33,153351.21,226990.03,45,471,6,"FIIs, Ações, Cripto",Bruno Martins,Moderado,5.2,413,27.7,26,1,0,56725.70000000001,0,33.31625596506328,785.0,0.21660649819494585,1,0,1,0.000118546835,Baixo,2026-05-11T20:10:58.511270
735,29,Feminino,Curitiba,SP,Moderado,41104.15,41580.45,59294.66,48,252,9,"Renda Fixa, FIIs",Fernanda Alves,Comercial,3.7,479,34.6,20,1,0,18190.51,0,44.2546798802554,576.0,0.26011560693641617,0,0,1,0.0006375323,Baixo,2026-05-11T20:10:58.511270
736,26,Feminino,Curitiba,SP,Conservador,186952.17,153026.62,198574.25,0,585,8,"Renda Fixa, Cripto",Patrícia Rocha,Agressivo,4.8,135,35.9,1,1,1,11622.07999999999,0,6.216606097698672,0.0,0.22284122562674097,1,0,1,0.0005958842,Baixo,2026-05-11T20:10:58.511270
737,27,Feminino,Rio de Janeiro,RS,Conservador,138128.44,163420.4,201011.59,8,124,5,Cripto,Rafael Gomes,Agressivo,3.8,334,43.5,7,0,0,62883.14999999999,0,45.525128641140086,124.0,0.11494252873563218,1,0,1,0.00011303599,Baixo,2026-05-11T20:10:58.511270
738,61,Masculino,Rio de Janeiro,RJ,Moderado,164831.37,133755.08,178367.33,19,71,4,"Cripto, Fundos",Fernanda Alves,Agressivo,6.5,109,0.7,41,1,0,13535.95999999999,0,8.212004790107606,32.11904761904762,5.714285714285714,0,1,1,0.016151093,Baixo,2026-05-11T20:10:58.511270
739,34,Masculino,Belo Horizonte,SP,Agressivo,111681.95,83870.89,106630.74,52,577,0,"Exterior, Fundos",Bruno Martins,Conservador,0.9,103,0.5,6,1,1,-5051.209999999992,0,-4.522852618529666,4286.285714285715,0.0,0,0,0,0.0006252823,Baixo,2026-05-11T20:10:58.511270
740,55,Masculino,São Paulo,PR,Conservador,156123.82,150151.71,212856.53,18,331,5,Renda Fixa,Mariana Costa,Moderado,2.1,142,22.9,9,0,0,56732.70999999999,0,36.338279450246596,595.8,0.2183406113537118,1,0,1,0.00010517041,Baixo,2026-05-11T20:10:58.511270
741,24,Masculino,Belo Horizonte,RS,Moderado,4223.88,4625.08,4408.4,35,474,5,"Fundos, Cripto, Exterior",Ana Souza,Agressivo,4.6,374,1.9,56,1,1,184.5199999999995,1,4.3684953171018,291.05263157894734,2.6315789473684212,0,1,1,0.6522024,Médio,2026-05-11T20:10:58.511270
742,63,Feminino,São Paulo,MG,Conservador,163857.7,157734.35,167906.99,59,497,2,Ações,Rafael Gomes,Comercial,3.9,422,46.8,3,1,0,4049.289999999979,0,2.4712235067378456,7330.75,0.042735042735042736,0,0,1,0.00023292945,Baixo,2026-05-11T20:10:58.511270
743,30,Masculino,Rio de Janeiro,RS,Moderado,8987.63,7783.76,9358.65,39,290,2,"FIIs, Renda Fixa, Exterior",Rafael Gomes,Comercial,4.2,314,11.0,42,1,0,371.0200000000004,0,4.128118313726761,263.0232558139535,0.18181818181818182,0,1,1,0.2885267,Baixo,2026-05-11T20:10:58.511270
744,57,Masculino,Rio de Janeiro,MG,Agressivo,178092.76,184308.68,242581.31,44,316,2,"FIIs, Exterior",Mariana Costa,Comercial,8.1,431,23.0,40,0,0,64488.54999999999,0,36.210652246615744,339.1219512195122,0.08695652173913043,1,1,1,0.0016170117,Baixo,2026-05-11T20:10:58.511270
745,59,Feminino,Belo Horizonte,RJ,Agressivo,198400.59,180187.69,267592.28,3,313,2,"Cripto, FIIs",João Pereira,Moderado,8.9,262,3.4,35,0,0,69191.69000000003,0,34.87474003983559,26.083333333333332,0.5882352941176471,1,1,1,0.00091559894,Baixo,2026-05-11T20:10:58.511270
746,26,Masculino,Porto Alegre,MG,Moderado,59519.42,74977.84,57327.2,8,101,6,"Ações, Renda Fixa",Juliana Mendes,Agressivo,2.9,382,25.3,34,0,0,-2192.220000000001,1,-3.6832012139903267,23.085714285714285,0.23715415019762845,0,1,0,0.9755425,Alto,2026-05-11T20:10:58.511270
747,67,Feminino,Belo Horizonte,RJ,Moderado,42853.39,53720.46,38566.76,40,117,9,"Renda Fixa, FIIs",Fernanda Alves,Comercial,8.4,59,18.5,42,0,1,-4286.629999999997,1,-10.003012597136417,108.83720930232558,0.4864864864864865,0,1,0,0.99011934,Alto,2026-05-11T20:10:58.511270
748,44,Feminino,São Paulo,PR,Moderado,153307.31,153525.48,159858.93,21,460,1,"Exterior, Cripto, FIIs",João Pereira,Moderado,4.9,407,2.6,2,0,1,6551.619999999995,0,4.27352094300004,3220.0,0.3846153846153846,0,0,1,0.00015371667,Baixo,2026-05-11T20:10:58.511270
749,19,Feminino,Belo Horizonte,MG,Agressivo,51352.24,46049.11,57283.18,17,467,9,Exterior,Carlos Silva,Comercial,3.1,252,16.4,57,0,0,5930.940000000002,0,11.54952539558158,136.8793103448276,0.5487804878048781,0,1,1,0.018400514,Baixo,2026-05-11T20:10:58.511270
750,22,Feminino,Curitiba,RS,Conservador,173246.91,197896.38,141110.21,11,136,9,"Exterior, Fundos, Renda Fixa",Mariana Costa,Agressivo,9.9,245,19.1,17,1,1,-32136.70000000001,0,-18.549652631611156,83.11111111111111,0.47120418848167533,0,0,0,0.0034696122,Baixo,2026-05-11T20:10:58.511270
751,46,Feminino,São Paulo,RJ,Agressivo,21465.68,15498.82,28217.92,41,125,1,FIIs,Carlos Silva,Agressivo,8.3,107,47.5,57,0,0,6752.239999999998,0,31.45597996429649,88.36206896551724,0.021052631578947368,0,1,1,0.0012007985,Baixo,2026-05-11T20:10:58.511270
752,54,Feminino,São Paulo,RS,Moderado,26065.08,25670.49,27051.24,42,201,2,"FIIs, Renda Fixa",Ana Souza,Agressivo,9.9,305,10.4,50,0,0,986.1599999999999,0,3.783452803521032,165.52941176470588,0.1923076923076923,0,1,1,0.003748461,Baixo,2026-05-11T20:10:58.511270
753,55,Feminino,Porto Alegre,SP,Moderado,195851.16,176617.41,176391.58,38,486,9,Renda Fixa,João Pereira,Agressivo,2.1,272,26.4,45,0,0,-19459.58000000002,1,-9.935902345434164,401.4782608695652,0.34090909090909094,0,1,0,0.978268,Alto,2026-05-11T20:10:58.511270
754,36,Feminino,Rio de Janeiro,RJ,Agressivo,135093.94,169181.05,94044.15,8,43,6,"Renda Fixa, Fundos, Ações",Patrícia Rocha,Agressivo,1.9,418,47.4,55,0,0,-41049.79000000001,1,-30.386107622592107,6.142857142857143,0.12658227848101267,0,1,0,0.99759835,Alto,2026-05-11T20:10:58.511270
755,25,Masculino,São Paulo,MG,Moderado,169530.56,119892.32,138160.73,5,570,2,"Fundos, Cripto, FIIs",Juliana Mendes,Comercial,5.3,229,38.1,42,1,0,-31369.82999999999,0,-18.503938169023915,66.27906976744185,0.05249343832020997,0,1,0,0.01096846,Baixo,2026-05-11T20:10:58.511270
756,65,Masculino,Rio de Janeiro,RJ,Agressivo,65541.55,67618.49,95320.55,18,516,6,"FIIs, Cripto, Fundos",Mariana Costa,Agressivo,6.6,467,47.7,23,1,1,29779.0,0,45.43530020269584,387.0,0.12578616352201258,0,0,1,0.00034192146,Baixo,2026-05-11T20:10:58.511270
757,62,Masculino,Belo Horizonte,RS,Moderado,135620.27,155203.59,118612.09,47,478,8,"Cripto, Renda Fixa, Exterior",Mariana Costa,Comercial,2.1,411,46.5,31,0,1,-17008.17999999999,1,-12.541030924064668,702.0625,0.17204301075268819,0,1,0,0.13799101,Baixo,2026-05-11T20:10:58.511270
758,18,Masculino,Curitiba,PR,Conservador,119254.12,118182.12,89675.92,46,165,9,"Exterior, Renda Fixa, FIIs",Juliana Mendes,Agressivo,8.7,84,23.8,33,1,1,-29578.2,1,-24.802665098698476,223.23529411764707,0.37815126050420167,0,1,0,0.9989109,Alto,2026-05-11T20:10:58.511270
759,39,Feminino,Porto Alegre,RJ,Conservador,121026.87,90920.45,122794.53,6,293,3,"Fundos, Exterior",Rafael Gomes,Comercial,5.6,408,33.6,58,0,1,1767.660000000003,0,1.4605516940163812,29.796610169491526,0.08928571428571429,0,1,1,0.04417377,Baixo,2026-05-11T20:10:58.511270
760,69,Masculino,Rio de Janeiro,MG,Moderado,136823.96,175610.38,119909.64,15,204,6,"Renda Fixa, FIIs, Fundos",Bruno Martins,Agressivo,4.4,152,5.7,1,1,0,-16914.31999999999,0,-12.362103830352515,1530.0,1.0526315789473684,0,0,0,0.002867918,Baixo,2026-05-11T20:10:58.511270
761,34,Feminino,São Paulo,SP,Agressivo,115496.48,116744.56,72952.58,4,532,8,"FIIs, Cripto",Ana Souza,Comercial,6.2,210,21.5,1,0,1,-42543.89999999999,0,-36.835668065381725,1064.0,0.37209302325581395,0,0,0,0.010321458,Baixo,2026-05-11T20:10:58.511270
762,24,Masculino,Rio de Janeiro,PR,Conservador,86383.41,92301.69,76952.99,15,507,7,"Ações, Cripto",João Pereira,Agressivo,6.5,249,38.9,9,0,0,-9430.419999999998,0,-10.916934165946907,760.5,0.17994858611825193,0,0,0,0.00280514,Baixo,2026-05-11T20:10:58.511270
763,42,Masculino,São Paulo,SP,Agressivo,55908.62,47073.15,60923.5,0,252,7,Fundos,Mariana Costa,Moderado,0.9,209,24.5,22,0,0,5014.879999999997,0,8.969779615379519,0.0,0.2857142857142857,0,0,1,0.00015409749,Baixo,2026-05-11T20:10:58.511270
764,62,Masculino,Rio de Janeiro,RJ,Moderado,153947.68,152423.42,168809.96,50,387,8,Renda Fixa,Mariana Costa,Comercial,10.0,232,33.9,14,0,1,14862.28,0,9.654111059029926,1290.0,0.2359882005899705,0,0,1,0.0005972261,Baixo,2026-05-11T20:10:58.511270
765,21,Feminino,São Paulo,RS,Agressivo,46028.21,44071.54,42387.52,36,222,4,Fundos,Juliana Mendes,Moderado,4.0,402,35.9,53,1,1,-3640.690000000002,1,-7.909692773192793,148.0,0.11142061281337048,0,1,0,0.98387676,Alto,2026-05-11T20:10:58.511270
766,53,Masculino,Belo Horizonte,RS,Conservador,138778.51,103381.32,139135.52,38,91,4,"Ações, Exterior, Fundos",Patrícia Rocha,Comercial,1.1,185,12.5,11,0,0,357.0099999999802,0,0.2572516450853811,288.1666666666667,0.32,0,0,1,0.00016179476,Baixo,2026-05-11T20:10:58.511270
767,23,Feminino,São Paulo,MG,Agressivo,47433.23,36224.58,69677.81,18,86,2,"Renda Fixa, Exterior",Juliana Mendes,Comercial,8.6,479,42.1,42,1,0,22244.57999999999,0,46.89661657028204,36.0,0.047505938242280284,0,1,1,0.0006622485,Baixo,2026-05-11T20:10:58.511270
768,48,Feminino,São Paulo,RS,Agressivo,125440.7,150840.37,117865.79,53,66,4,Cripto,Juliana Mendes,Comercial,9.9,447,22.3,16,1,0,-7574.910000000003,0,-6.038638177242317,205.76470588235293,0.17937219730941703,0,0,0,0.0018804623,Baixo,2026-05-11T20:10:58.511270
769,36,Masculino,Curitiba,PR,Moderado,149668.58,126304.11,124584.74,36,504,7,Exterior,Fernanda Alves,Conservador,8.3,275,10.5,17,1,1,-25083.83999999998,0,-16.759589754910472,1008.0,0.6666666666666666,0,0,0,0.0008024781,Baixo,2026-05-11T20:10:58.511270
770,61,Masculino,São Paulo,RS,Moderado,44524.06,36375.04,36470.56,16,46,4,"FIIs, Renda Fixa",João Pereira,Agressivo,8.6,441,41.6,13,0,0,-8053.5,0,-18.08797310937053,52.57142857142857,0.09615384615384615,0,0,0,0.0014917295,Baixo,2026-05-11T20:10:58.511270
771,71,Masculino,Curitiba,MG,Moderado,12928.72,12966.82,13083.71,25,16,3,"Renda Fixa, Ações, Exterior",Rafael Gomes,Moderado,6.4,292,20.3,16,1,0,154.9899999999998,0,1.198803903247961,23.529411764705884,0.14778325123152708,0,0,1,0.000652628,Baixo,2026-05-11T20:10:58.511270
772,56,Feminino,Porto Alegre,RJ,Conservador,27063.77,31427.76,34738.19,21,119,7,"FIIs, Exterior",Juliana Mendes,Moderado,9.3,155,36.1,14,1,0,7674.420000000002,0,28.356803209604582,166.6,0.19390581717451522,0,0,1,0.00011244192,Baixo,2026-05-11T20:10:58.511270
773,44,Masculino,Curitiba,RJ,Conservador,121593.4,89634.75,95498.16,7,222,6,"Cripto, Ações, Renda Fixa",Patrícia Rocha,Comercial,0.8,120,26.5,11,1,0,-26095.23999999999,0,-21.461066143392646,129.5,0.22641509433962265,0,0,0,0.0010141167,Baixo,2026-05-11T20:10:58.511270
774,27,Feminino,Belo Horizonte,RS,Moderado,170039.83,177876.07,210571.63,32,110,5,FIIs,Rafael Gomes,Moderado,7.8,126,18.6,58,0,1,40531.80000000002,0,23.836650507119433,59.66101694915254,0.26881720430107525,1,1,1,0.0028897075,Baixo,2026-05-11T20:10:58.511270
775,43,Feminino,Curitiba,SP,Moderado,9954.37,7680.06,6162.1,1,532,4,Cripto,Lucas Oliveira,Moderado,6.9,103,39.0,15,1,1,-3792.27,0,-38.09653448686356,33.25,0.10256410256410256,0,0,0,0.00480576,Baixo,2026-05-11T20:10:58.511270
776,36,Masculino,Porto Alegre,RJ,Conservador,147096.1,106185.24,143718.73,29,476,4,"Cripto, Renda Fixa, Fundos",João Pereira,Moderado,1.0,326,28.3,31,0,0,-3377.369999999995,0,-2.296029602416376,431.375,0.1413427561837456,0,1,0,0.0003676395,Baixo,2026-05-11T20:10:58.511270
777,56,Masculino,Belo Horizonte,RS,Conservador,68922.41,50426.83,89480.49,46,391,9,"Cripto, Exterior",Mariana Costa,Moderado,5.7,160,19.1,22,1,1,20558.08,0,29.827860053065468,782.0,0.47120418848167533,0,0,1,0.00032378142,Baixo,2026-05-11T20:10:58.511270
778,20,Feminino,Rio de Janeiro,MG,Conservador,96227.15,115520.55,87072.07,19,230,1,"Cripto, Exterior",Lucas Oliveira,Conservador,5.4,273,5.7,37,1,0,-9155.079999999987,1,-9.51403008402513,115.0,0.17543859649122806,0,1,0,0.9786229,Alto,2026-05-11T20:10:58.511270
779,62,Feminino,Rio de Janeiro,RS,Conservador,185843.05,143244.75,205795.79,59,485,3,"Ações, Fundos",Rafael Gomes,Comercial,7.1,124,43.0,33,0,1,19952.74000000002,0,10.736339077517304,841.6176470588235,0.06976744186046512,1,1,1,0.003507641,Baixo,2026-05-11T20:10:58.511270
780,30,Feminino,Curitiba,RJ,Moderado,67062.33,48760.4,52609.14,17,412,7,"Fundos, Exterior, Renda Fixa",Rafael Gomes,Moderado,1.2,63,2.2,33,0,1,-14453.19,0,-21.55187569534193,206.0,3.1818181818181817,0,1,0,0.020170163,Baixo,2026-05-11T20:10:58.511270
781,67,Masculino,Curitiba,MG,Conservador,93602.05,90114.43,118668.29,42,461,7,"Renda Fixa, Fundos",João Pereira,Conservador,8.2,307,41.5,15,1,1,25066.23999999999,0,26.779584421495027,1210.125,0.1686746987951807,0,0,1,0.00012154976,Baixo,2026-05-11T20:10:58.511270
782,45,Feminino,Porto Alegre,RS,Moderado,3722.8,4491.17,2408.84,56,25,0,Exterior,Bruno Martins,Conservador,1.8,238,17.6,33,0,1,-1313.96,1,-35.294939293005264,41.1764705882353,0.0,0,1,0,0.978123,Alto,2026-05-11T20:10:58.511270
783,37,Masculino,Porto Alegre,PR,Agressivo,17238.15,14780.77,23569.52,9,207,1,"Exterior, Renda Fixa, FIIs",Fernanda Alves,Comercial,4.5,413,30.9,39,1,0,6331.369999999999,0,36.72882530898036,46.575,0.03236245954692557,0,1,1,0.0003405928,Baixo,2026-05-11T20:10:58.511270
784,45,Feminino,São Paulo,MG,Agressivo,52459.73,49995.57,40833.43,23,421,4,"Cripto, Exterior, Renda Fixa",Mariana Costa,Agressivo,8.9,288,44.3,6,1,0,-11626.3,0,-22.1623328980153,1383.2857142857142,0.09029345372460497,0,0,0,0.0008987727,Baixo,2026-05-11T20:10:58.511270
785,25,Feminino,Porto Alegre,PR,Conservador,6542.6,4736.54,9074.31,55,420,8,"FIIs, Cripto, Renda Fixa",Lucas Oliveira,Agressivo,5.8,450,7.7,32,0,0,2531.709999999999,0,38.69577843670711,700.0,1.0389610389610389,0,1,1,0.007913545,Baixo,2026-05-11T20:10:58.511270
786,58,Masculino,São Paulo,SP,Agressivo,126643.69,122774.36,116167.26,3,452,9,"Fundos, FIIs",Juliana Mendes,Agressivo,4.1,383,27.4,3,0,1,-10476.43000000001,0,-8.272366353191389,339.0,0.3284671532846716,0,0,0,0.0014356148,Baixo,2026-05-11T20:10:58.511270
787,56,Feminino,Belo Horizonte,MG,Agressivo,85853.27,89851.27,107352.24,36,516,6,"FIIs, Exterior, Fundos",Ana Souza,Moderado,1.0,353,36.8,42,0,1,21498.97,0,25.041527247593482,432.0,0.16304347826086957,0,1,1,0.018375227,Baixo,2026-05-11T20:10:58.511270
788,18,Masculino,Curitiba,PR,Agressivo,110080.9,114764.21,97675.09,3,89,9,Fundos,Bruno Martins,Comercial,6.9,140,36.5,51,1,0,-12405.81,1,-11.269720723576931,5.134615384615385,0.2465753424657534,0,1,0,0.9988883,Alto,2026-05-11T20:10:58.511270
789,20,Masculino,Belo Horizonte,RJ,Conservador,35754.79,32159.86,50604.49,12,171,4,"Ações, Exterior, Fundos",Mariana Costa,Agressivo,9.9,441,25.5,6,1,1,14849.7,0,41.5320576627635,293.14285714285717,0.1568627450980392,0,0,1,0.00013093624,Baixo,2026-05-11T20:10:58.511270
790,30,Feminino,Porto Alegre,RJ,Conservador,59890.47,53261.79,42760.2,24,388,0,Ações,Ana Souza,Moderado,9.2,233,30.2,17,1,1,-17130.27,0,-28.602664163430347,517.3333333333334,0.0,0,0,0,0.00070937694,Baixo,2026-05-11T20:10:58.511270
791,45,Masculino,Belo Horizonte,SP,Agressivo,133101.07,101685.78,101245.7,12,472,5,"Renda Fixa, Ações, Exterior",Fernanda Alves,Comercial,7.3,66,36.5,3,0,0,-31855.37000000001,0,-23.93321856841572,1416.0,0.136986301369863,0,0,0,0.0028526115,Baixo,2026-05-11T20:10:58.511270
792,74,Masculino,Belo Horizonte,MG,Moderado,193095.24,177662.87,201538.74,17,76,7,"Cripto, Ações, Exterior",Ana Souza,Moderado,1.5,61,40.4,48,0,1,8443.5,0,4.372712657235881,26.367346938775512,0.17326732673267328,1,1,1,0.019582018,Baixo,2026-05-11T20:10:58.511270
793,66,Feminino,Belo Horizonte,MG,Agressivo,11032.94,8381.69,7433.38,58,525,6,"FIIs, Exterior",Juliana Mendes,Agressivo,2.8,215,36.7,10,0,0,-3599.56,0,-32.625573963059715,2768.181818181818,0.16348773841961853,0,0,0,0.0015306759,Baixo,2026-05-11T20:10:58.511270
794,42,Masculino,Porto Alegre,MG,Conservador,178186.48,206688.76,138340.81,23,477,1,Cripto,Ana Souza,Agressivo,2.3,195,17.3,42,1,1,-39845.67000000001,1,-22.361780759123818,255.13953488372093,0.057803468208092484,0,1,0,0.99352723,Alto,2026-05-11T20:10:58.511270
795,73,Masculino,Belo Horizonte,SP,Conservador,115799.36,148195.92,167838.4,1,262,4,"Exterior, FIIs",Bruno Martins,Conservador,3.9,331,47.8,19,0,0,52039.03999999999,0,44.93897030173569,13.1,0.08368200836820085,0,0,1,5.836452e-05,Baixo,2026-05-11T20:10:58.511270
796,50,Masculino,São Paulo,MG,Conservador,113219.99,145153.09,167434.33,47,279,3,Cripto,Carlos Silva,Conservador,2.7,86,21.1,10,0,1,54214.33999999998,0,47.88407064865487,1192.090909090909,0.14218009478672985,0,0,1,0.00018617073,Baixo,2026-05-11T20:10:58.511270
797,55,Feminino,Porto Alegre,RJ,Agressivo,100555.43,122581.36,94384.68,32,24,8,"Cripto, Exterior, FIIs",Bruno Martins,Comercial,2.8,119,1.7,14,1,1,-6170.75,0,-6.136665120918881,51.2,4.705882352941177,0,0,0,0.0032068337,Baixo,2026-05-11T20:10:58.511270
798,70,Masculino,Belo Horizonte,PR,Moderado,14809.42,15705.02,21191.65,57,494,9,"Ações, Cripto, FIIs",Juliana Mendes,Moderado,6.4,218,17.7,45,0,1,6382.230000000001,0,43.095745815838846,612.1304347826087,0.5084745762711864,0,1,1,0.0044311685,Baixo,2026-05-11T20:10:58.511270
799,23,Feminino,Porto Alegre,RJ,Conservador,18885.49,21161.56,20591.65,18,494,0,"Exterior, FIIs",Lucas Oliveira,Moderado,3.5,384,6.6,16,0,1,1706.16,0,9.034237396011434,523.0588235294117,0.0,0,0,1,0.0005833997,Baixo,2026-05-11T20:10:58.511270
800,61,Feminino,Rio de Janeiro,RJ,Conservador,120581.49,105041.37,101622.25,8,330,5,"Fundos, Ações, Renda Fixa",Carlos Silva,Agressivo,6.9,219,6.3,33,1,1,-18959.24000000001,1,-15.723176086147223,77.6470588235294,0.7936507936507937,0,1,0,0.9462029,Alto,2026-05-11T20:10:58.511270
801,62,Masculino,São Paulo,PR,Agressivo,68850.76,74252.95,84835.07,27,533,2,Exterior,Fernanda Alves,Agressivo,9.5,302,13.9,49,1,0,15984.31000000001,0,23.215880260435778,287.82,0.14388489208633093,0,1,1,0.017144796,Baixo,2026-05-11T20:10:58.511270
802,49,Masculino,Belo Horizonte,RJ,Moderado,183536.35,178652.4,218961.0,34,93,8,"Ações, Cripto, Renda Fixa",Bruno Martins,Comercial,6.6,395,3.0,47,1,1,35424.64999999999,0,19.301162957637544,65.875,2.6666666666666665,1,1,1,0.005233782,Baixo,2026-05-11T20:10:58.511270
803,62,Masculino,Rio de Janeiro,SP,Agressivo,81911.52,81027.73,122065.59,56,490,4,Ações,Carlos Silva,Conservador,7.6,346,33.2,11,1,0,40154.06999999999,0,49.021273198202145,2286.6666666666665,0.12048192771084336,0,0,1,0.00015044455,Baixo,2026-05-11T20:10:58.511270
804,64,Feminino,Rio de Janeiro,PR,Conservador,29513.01,34077.67,24747.91,38,354,5,"Cripto, Exterior",Rafael Gomes,Agressivo,7.6,480,4.0,41,1,0,-4765.099999999999,1,-16.14576080176166,320.2857142857143,1.25,0,1,0,0.9726063,Alto,2026-05-11T20:10:58.511270
805,38,Masculino,Porto Alegre,RJ,Moderado,143229.05,124487.67,172570.03,9,88,8,Renda Fixa,Bruno Martins,Moderado,3.6,191,10.2,27,1,0,29340.98000000001,0,20.48535544988954,28.285714285714285,0.7843137254901962,0,0,1,0.0006232255,Baixo,2026-05-11T20:10:58.511270
806,33,Masculino,Rio de Janeiro,RS,Moderado,59377.33,52894.74,38406.53,0,391,8,Fundos,Carlos Silva,Agressivo,0.6,434,4.9,47,0,1,-20970.8,1,-35.31785615823413,0.0,1.6326530612244896,0,1,0,0.99070567,Alto,2026-05-11T20:10:58.511270
807,71,Masculino,São Paulo,RJ,Conservador,105568.59,132465.89,74138.86,41,91,7,"Renda Fixa, Fundos, Exterior",João Pereira,Conservador,1.0,322,3.5,34,0,0,-31429.73,1,-29.771857329912237,106.6,2.0,0,1,0,0.9986029,Alto,2026-05-11T20:10:58.511270
808,38,Masculino,São Paulo,SP,Moderado,139868.72,102626.52,84414.48,20,311,8,Cripto,Lucas Oliveira,Moderado,3.2,274,13.2,7,1,1,-55454.24000000001,0,-39.647349314414264,777.5,0.6060606060606061,0,0,0,0.00093177,Baixo,2026-05-11T20:10:58.511270
809,28,Masculino,Curitiba,MG,Moderado,180152.56,178599.75,270141.4,8,158,3,"Renda Fixa, Exterior",Mariana Costa,Conservador,7.1,232,27.7,26,1,1,89988.84000000003,0,49.95146335972135,46.81481481481482,0.10830324909747292,1,0,1,0.00046884263,Baixo,2026-05-11T20:10:58.511270
810,54,Feminino,São Paulo,RJ,Agressivo,158646.05,197939.58,209737.43,59,444,5,"Fundos, Cripto, Exterior",Ana Souza,Comercial,9.1,270,46.3,21,0,1,51091.38,0,32.20463415256794,1190.7272727272727,0.10799136069114472,1,0,1,0.0005640257,Baixo,2026-05-11T20:10:58.511270
811,53,Feminino,Rio de Janeiro,MG,Conservador,135595.85,144574.71,177366.25,46,268,4,"Fundos, FIIs, Ações",Carlos Silva,Comercial,9.6,102,42.1,53,1,0,41770.39999999999,0,30.80507257412376,228.2962962962963,0.09501187648456057,0,1,1,0.0022256307,Baixo,2026-05-11T20:10:58.511270
812,52,Masculino,São Paulo,RS,Conservador,136247.0,140040.69,144251.98,14,425,4,"Renda Fixa, Cripto, Fundos",Mariana Costa,Conservador,0.7,167,42.1,56,1,1,8004.98000000001,0,5.875344044272542,104.3859649122807,0.09501187648456057,0,1,1,0.032469787,Baixo,2026-05-11T20:10:58.511270
813,36,Masculino,Porto Alegre,RJ,Conservador,189239.0,160824.1,164649.36,34,497,3,"FIIs, Fundos",Bruno Martins,Moderado,9.9,414,8.9,23,0,1,-24589.64000000001,0,-12.993960018812198,704.0833333333334,0.33707865168539325,0,0,0,0.00048571482,Baixo,2026-05-11T20:10:58.511270
814,37,Masculino,Curitiba,PR,Conservador,59869.0,54239.24,44071.84,56,415,1,"FIIs, Renda Fixa, Cripto",Mariana Costa,Conservador,3.6,208,13.1,1,0,1,-15797.16,0,-26.386209891596657,11620.0,0.07633587786259542,0,0,0,0.0003670144,Baixo,2026-05-11T20:10:58.511270
815,74,Masculino,Rio de Janeiro,MG,Conservador,1221.31,1479.29,1045.69,4,177,5,Fundos,Rafael Gomes,Agressivo,8.5,495,4.1,30,1,0,-175.6199999999999,0,-14.37964153245285,22.838709677419356,1.2195121951219514,0,0,0,0.0018783853,Baixo,2026-05-11T20:10:58.511270
816,35,Feminino,Curitiba,RS,Moderado,55118.96,57077.39,51722.2,40,8,8,"Cripto, FIIs",Patrícia Rocha,Agressivo,2.2,185,37.5,21,1,0,-3396.760000000002,0,-6.162598133201356,14.545454545454545,0.21333333333333335,0,0,0,0.0019762998,Baixo,2026-05-11T20:10:58.511270
817,64,Masculino,Rio de Janeiro,PR,Agressivo,44360.38,44752.76,56811.41,57,476,0,Renda Fixa,Patrícia Rocha,Conservador,1.1,463,3.8,0,0,0,12451.03000000001,0,28.067906541828556,27132.0,0.0,0,0,1,0.00018362745,Baixo,2026-05-11T20:10:58.511270
818,58,Feminino,Porto Alegre,PR,Conservador,132705.08,100822.4,144077.32,21,114,6,FIIs,Lucas Oliveira,Agressivo,4.1,126,26.9,13,1,0,11372.24000000002,0,8.569558904602612,171.0,0.2230483271375465,0,0,1,4.1507148e-05,Baixo,2026-05-11T20:10:58.511270
819,66,Feminino,Curitiba,PR,Agressivo,127108.61,90198.42,85129.12,40,41,5,Fundos,Carlos Silva,Conservador,8.7,385,12.3,24,0,1,-41979.49000000001,0,-33.026472400256765,65.6,0.4065040650406504,0,0,0,0.0017677785,Baixo,2026-05-11T20:10:58.511270
820,31,Masculino,Belo Horizonte,PR,Agressivo,119098.82,152233.44,73391.8,22,587,2,"Fundos, Renda Fixa, Ações",Rafael Gomes,Agressivo,2.6,499,12.1,35,0,0,-45707.02,1,-38.377391144597404,358.72222222222223,0.1652892561983471,0,1,0,0.99486107,Alto,2026-05-11T20:10:58.511270
821,32,Feminino,Rio de Janeiro,RJ,Moderado,4232.45,3920.06,2929.27,6,35,0,Fundos,Ana Souza,Conservador,2.0,94,47.6,35,1,1,-1303.18,1,-30.790204255218605,5.833333333333333,0.0,0,1,0,0.9618735,Alto,2026-05-11T20:10:58.511270
822,48,Feminino,Belo Horizonte,RJ,Conservador,146026.83,155069.96,141565.54,55,385,3,"FIIs, Ações, Exterior",Fernanda Alves,Agressivo,9.1,67,36.4,40,0,0,-4461.289999999979,1,-3.055116652193285,516.4634146341464,0.08241758241758242,0,1,0,0.9860488,Alto,2026-05-11T20:10:58.511270
823,18,Feminino,Curitiba,RJ,Moderado,65382.55,48894.97,94142.61,22,272,8,"FIIs, Ações, Renda Fixa",Juliana Mendes,Moderado,9.4,404,40.3,2,0,1,28760.06,0,43.98736360083845,1994.6666666666667,0.19851116625310175,0,0,1,0.0003175424,Baixo,2026-05-11T20:10:58.511270
824,70,Feminino,Belo Horizonte,RS,Conservador,133346.14,147996.69,156503.33,43,15,1,"Fundos, Ações, Cripto",Lucas Oliveira,Moderado,0.6,478,27.7,4,0,0,23157.18999999997,0,17.366224474139237,129.0,0.036101083032490974,0,0,1,0.00012832937,Baixo,2026-05-11T20:10:58.511270
825,71,Masculino,Belo Horizonte,RS,Moderado,111759.11,140765.07,147705.68,24,348,2,"Ações, Renda Fixa",Juliana Mendes,Agressivo,7.4,452,41.9,0,1,0,35946.56999999999,0,32.164330943580346,8352.0,0.0477326968973747,0,0,1,0.00015759503,Baixo,2026-05-11T20:10:58.511270
826,71,Masculino,Curitiba,RS,Agressivo,69203.45,72345.23,70569.33,26,548,1,"Cripto, Exterior, Renda Fixa",Patrícia Rocha,Conservador,3.4,254,31.2,53,1,0,1365.880000000005,1,1.9737166282894922,263.85185185185185,0.032051282051282055,0,1,1,0.9888026,Alto,2026-05-11T20:10:58.511270
827,20,Feminino,Porto Alegre,SP,Conservador,27780.68,21548.62,25711.0,40,573,1,"Exterior, Fundos",João Pereira,Agressivo,4.1,373,45.4,18,1,1,-2069.68,0,-7.450069616726446,1206.3157894736842,0.022026431718061675,0,0,0,0.00038248312,Baixo,2026-05-11T20:10:58.511270
828,33,Masculino,Belo Horizonte,RS,Agressivo,19789.36,20759.69,13804.27,5,170,9,Fundos,Fernanda Alves,Comercial,5.0,132,13.9,32,0,1,-5985.09,1,-30.24397959307426,25.757575757575758,0.6474820143884892,0,1,0,0.9865914,Alto,2026-05-11T20:10:58.511270
829,40,Masculino,Belo Horizonte,RJ,Agressivo,166472.15,193075.79,231119.9,54,346,7,"Ações, Exterior",Fernanda Alves,Comercial,4.6,99,28.8,41,0,0,64647.75,0,38.83397313004007,444.85714285714283,0.24305555555555555,1,1,1,0.00095960475,Baixo,2026-05-11T20:10:58.511270
830,74,Masculino,Porto Alegre,RJ,Moderado,183761.11,173442.91,239779.59,33,486,2,"Fundos, Exterior",Juliana Mendes,Conservador,5.4,330,33.3,53,1,0,56018.48000000001,0,30.484404453151164,297.0,0.060060060060060066,1,1,1,0.001300496,Baixo,2026-05-11T20:10:58.511270
831,28,Masculino,Belo Horizonte,SP,Conservador,130307.82,160005.32,97901.08,8,23,6,Fundos,João Pereira,Agressivo,6.0,215,19.2,29,0,0,-32406.74000000001,0,-24.86937468526448,6.133333333333334,0.3125,0,0,0,0.004373686,Baixo,2026-05-11T20:10:58.511270
832,29,Masculino,Belo Horizonte,SP,Agressivo,21583.39,23508.84,22900.72,59,188,7,"Exterior, Fundos, Ações",Bruno Martins,Agressivo,4.9,292,42.3,11,0,0,1317.330000000002,0,6.103443434974774,924.3333333333334,0.16548463356973997,0,0,1,0.00043213234,Baixo,2026-05-11T20:10:58.511270
833,27,Feminino,Belo Horizonte,RS,Moderado,81003.42,100407.74,84133.18,48,549,2,Cripto,Mariana Costa,Moderado,7.2,426,47.0,9,1,0,3129.759999999995,0,3.863738098959272,2635.2,0.0425531914893617,0,0,1,0.0015312423,Baixo,2026-05-11T20:10:58.511270
834,49,Masculino,São Paulo,MG,Conservador,146058.9,156882.33,169805.51,32,14,1,Cripto,Lucas Oliveira,Conservador,7.3,213,24.0,33,0,0,23746.61000000002,0,16.258242393993118,13.176470588235293,0.041666666666666664,0,1,1,0.0013658128,Baixo,2026-05-11T20:10:58.511270
835,33,Masculino,Porto Alegre,SP,Conservador,156184.36,121632.13,226712.25,50,596,7,"Fundos, Cripto, Renda Fixa",Rafael Gomes,Comercial,4.7,373,19.1,15,0,1,70527.89000000001,0,45.15681979937045,1862.5,0.36649214659685864,1,0,1,8.911083e-05,Baixo,2026-05-11T20:10:58.511270
836,25,Masculino,Belo Horizonte,PR,Agressivo,24525.51,21725.07,27512.58,59,196,2,Exterior,Fernanda Alves,Comercial,1.9,105,22.9,39,0,1,2987.070000000003,0,12.179440916824985,289.1,0.08733624454148473,0,1,1,0.013331175,Baixo,2026-05-11T20:10:58.511270
837,55,Masculino,Porto Alegre,RJ,Conservador,1006.11,826.09,1092.83,5,324,6,"Renda Fixa, FIIs, Exterior",Juliana Mendes,Conservador,6.6,88,41.0,45,0,1,86.71999999999991,0,8.619335857908172,35.21739130434783,0.14634146341463414,0,1,1,0.040208645,Baixo,2026-05-11T20:10:58.511270
838,29,Feminino,Rio de Janeiro,PR,Agressivo,142715.27,177722.74,92092.83,36,584,0,FIIs,Mariana Costa,Comercial,7.8,368,31.2,28,0,1,-50622.43999999999,0,-35.470934539800815,724.9655172413793,0.0,0,0,0,0.0043184403,Baixo,2026-05-11T20:10:58.511270
839,41,Feminino,Rio de Janeiro,RJ,Conservador,71962.64,83206.09,47251.87,30,479,5,"Fundos, Renda Fixa",Patrícia Rocha,Conservador,6.6,177,2.6,14,0,1,-24710.77,0,-34.33833166765421,958.0,1.923076923076923,0,0,0,0.002547566,Baixo,2026-05-11T20:10:58.511270
840,45,Feminino,Belo Horizonte,RJ,Moderado,51641.78,57107.5,39692.5,33,431,8,"Ações, FIIs",Rafael Gomes,Comercial,6.1,440,26.3,47,1,1,-11949.28,1,-23.138784139508743,296.3125,0.3041825095057034,0,1,0,0.99818206,Alto,2026-05-11T20:10:58.511270
841,70,Feminino,Porto Alegre,SP,Agressivo,3566.6,3140.68,2244.19,40,63,2,"Cripto, Fundos, FIIs",Juliana Mendes,Comercial,2.7,171,1.3,10,1,0,-1322.41,0,-37.077608927269665,229.0909090909091,1.5384615384615383,0,0,0,0.00074550306,Baixo,2026-05-11T20:10:58.511270
842,25,Masculino,Porto Alegre,SP,Agressivo,108519.58,87947.18,137713.26,28,440,6,"Exterior, FIIs, Fundos",Lucas Oliveira,Conservador,6.6,296,37.5,43,0,0,29193.68000000001,0,26.901762797091557,280.0,0.16,0,1,1,0.00030854275,Baixo,2026-05-11T20:10:58.511270
843,45,Feminino,Porto Alegre,PR,Conservador,170379.0,196595.33,213143.66,57,101,5,"Ações, Fundos, Renda Fixa",Ana Souza,Conservador,3.7,235,16.1,33,1,0,42764.66,0,25.099724731334263,169.3235294117647,0.3105590062111801,1,1,1,0.0022595946,Baixo,2026-05-11T20:10:58.511270
844,53,Masculino,São Paulo,RJ,Conservador,191568.7,188598.38,138398.92,13,500,7,"Renda Fixa, Exterior, Ações",Fernanda Alves,Comercial,9.2,257,22.9,35,1,0,-53169.78,1,-27.754941177760244,180.55555555555554,0.30567685589519655,0,1,0,0.99843353,Alto,2026-05-11T20:10:58.511270
845,43,Masculino,Rio de Janeiro,PR,Agressivo,113583.25,94895.82,153618.05,35,282,2,"Renda Fixa, FIIs",Patrícia Rocha,Comercial,6.7,364,38.4,29,1,0,40034.79999999999,0,35.24709849383601,329.0,0.052083333333333336,0,0,1,9.284053e-05,Baixo,2026-05-11T20:10:58.511270
846,25,Masculino,Porto Alegre,MG,Conservador,103377.8,110611.47,76427.98,35,269,2,Exterior,Lucas Oliveira,Moderado,3.1,353,2.7,34,0,1,-26949.82000000001,1,-26.06925277961033,269.0,0.7407407407407407,0,1,0,0.94132686,Alto,2026-05-11T20:10:58.511270
847,67,Masculino,Porto Alegre,PR,Moderado,17926.22,12982.17,15614.78,52,13,3,Renda Fixa,Carlos Silva,Agressivo,5.0,438,8.0,8,1,1,-2311.440000000001,0,-12.894185165640055,75.11111111111111,0.375,0,0,0,0.0003862035,Baixo,2026-05-11T20:10:58.511270
848,45,Masculino,São Paulo,RS,Conservador,110225.69,98729.39,90834.7,14,461,2,"FIIs, Cripto, Fundos",Patrícia Rocha,Conservador,8.5,288,19.4,17,0,1,-19390.99000000001,0,-17.592078579866456,358.55555555555554,0.10309278350515465,0,0,0,0.0011337688,Baixo,2026-05-11T20:10:58.511270
849,45,Feminino,São Paulo,PR,Moderado,76615.84,75170.42,71641.66,7,277,8,"Fundos, Renda Fixa",Rafael Gomes,Conservador,3.7,264,11.4,18,1,1,-4974.179999999993,0,-6.492365025300242,102.05263157894737,0.7017543859649122,0,0,0,0.0012222141,Baixo,2026-05-11T20:10:58.511270
850,54,Feminino,Porto Alegre,RS,Moderado,121819.92,96088.51,101012.76,25,12,3,"Renda Fixa, Ações",Carlos Silva,Agressivo,5.5,341,16.6,38,1,1,-20807.16,0,-17.080260765234456,7.6923076923076925,0.18072289156626503,0,1,0,0.057995748,Baixo,2026-05-11T20:10:58.511270
851,58,Feminino,Curitiba,RS,Moderado,78356.54,101142.05,81495.18,35,212,5,Cripto,Patrícia Rocha,Moderado,7.0,273,47.9,3,0,0,3138.639999999999,0,4.0055877913955875,1855.0,0.10438413361169102,0,0,1,0.0003572435,Baixo,2026-05-11T20:10:58.511270
852,53,Feminino,Porto Alegre,RS,Moderado,48819.53,40298.49,47192.23,47,127,7,"Ações, FIIs",Juliana Mendes,Comercial,7.7,137,39.7,5,1,1,-1627.299999999996,0,-3.3332971456300293,994.8333333333334,0.17632241813602015,0,0,0,0.00050142466,Baixo,2026-05-11T20:10:58.511270
853,44,Masculino,Porto Alegre,MG,Moderado,19898.09,15484.93,29606.62,20,37,7,Cripto,Ana Souza,Comercial,2.2,74,42.5,50,0,1,9708.529999999999,0,48.791265895369854,14.509803921568627,0.16470588235294117,0,1,1,0.001502578,Baixo,2026-05-11T20:10:58.511270
854,71,Feminino,São Paulo,PR,Conservador,63668.77,52343.43,41405.95,27,517,4,"FIIs, Ações",Mariana Costa,Moderado,5.9,478,45.0,32,1,1,-22262.82,1,-34.96662492459019,423.0,0.08888888888888889,0,1,0,0.9891922,Alto,2026-05-11T20:10:58.511270
855,34,Masculino,São Paulo,PR,Moderado,20232.32,23498.56,14728.39,3,208,4,Ações,Ana Souza,Moderado,9.2,269,16.7,31,1,0,-5503.93,1,-27.203652374023346,19.5,0.23952095808383234,0,1,0,0.54558897,Médio,2026-05-11T20:10:58.511270
856,26,Feminino,Porto Alegre,MG,Conservador,36202.49,34584.36,23442.68,15,522,5,"Ações, Renda Fixa, Cripto",Ana Souza,Agressivo,9.7,324,14.6,15,1,0,-12759.81,0,-35.24566956582268,489.375,0.3424657534246575,0,0,0,0.0017754802,Baixo,2026-05-11T20:10:58.511270
857,50,Masculino,Porto Alegre,RJ,Moderado,197479.9,205230.9,229719.89,21,521,9,"Ações, Cripto",Juliana Mendes,Agressivo,6.7,184,11.6,10,1,0,32239.99000000002,0,16.325707071960245,994.6363636363636,0.7758620689655172,1,0,1,0.0009153482,Baixo,2026-05-11T20:10:58.511270
858,70,Masculino,Porto Alegre,SP,Agressivo,89376.61,63690.26,58010.63,11,447,6,"Renda Fixa, Exterior, Cripto",João Pereira,Comercial,9.8,491,39.9,21,0,0,-31365.98,0,-35.094170611304236,223.5,0.15037593984962405,0,0,0,0.0011136646,Baixo,2026-05-11T20:10:58.511270
859,37,Feminino,São Paulo,PR,Moderado,106842.48,76996.97,144536.05,15,596,9,Cripto,Patrícia Rocha,Moderado,5.9,282,32.8,35,0,0,37693.56999999999,0,35.27957231992368,248.33333333333334,0.27439024390243905,0,1,1,0.00039175223,Baixo,2026-05-11T20:10:58.511270
860,30,Masculino,Porto Alegre,SP,Agressivo,174850.09,169166.65,185471.32,50,343,6,Ações,Mariana Costa,Moderado,4.7,115,11.7,49,1,0,10621.23000000001,0,6.074477857003111,343.0,0.5128205128205129,1,1,1,0.010247301,Baixo,2026-05-11T20:10:58.511270
861,45,Masculino,Porto Alegre,MG,Moderado,199118.21,236949.31,213914.06,39,442,3,"Exterior, Cripto",Bruno Martins,Comercial,5.7,129,18.4,22,0,1,14795.85000000001,0,7.430686525355972,749.4782608695652,0.16304347826086957,1,0,1,0.0011900313,Baixo,2026-05-11T20:10:58.511270
862,65,Feminino,Belo Horizonte,RJ,Moderado,116960.18,143994.75,129291.88,37,449,5,Ações,Juliana Mendes,Comercial,1.6,472,24.6,25,1,1,12331.70000000001,0,10.543502925525603,638.9615384615385,0.2032520325203252,0,0,1,0.0007664363,Baixo,2026-05-11T20:10:58.511270
863,46,Masculino,Curitiba,RJ,Moderado,162682.29,122340.98,122618.9,41,140,6,Cripto,João Pereira,Comercial,4.3,304,25.6,59,0,1,-40063.39000000001,0,-24.626767916778164,95.66666666666667,0.234375,0,1,0,0.033976573,Baixo,2026-05-11T20:10:58.511270
864,30,Feminino,Rio de Janeiro,RJ,Agressivo,66061.26,67581.85,51390.46,36,391,4,FIIs,Juliana Mendes,Comercial,4.9,174,42.7,30,0,0,-14670.8,0,-22.20787190556159,454.06451612903226,0.09367681498829039,0,0,0,0.00070360623,Baixo,2026-05-11T20:10:58.511270
865,63,Feminino,Curitiba,MG,Agressivo,61843.05,77176.28,54850.8,28,29,4,"Exterior, Ações",João Pereira,Comercial,8.6,195,18.6,28,0,0,-6992.25,0,-11.306444297297755,28.0,0.2150537634408602,0,0,0,0.0016124625,Baixo,2026-05-11T20:10:58.511270
866,52,Feminino,Belo Horizonte,RS,Moderado,81138.04,75684.24,92022.45,17,510,1,Fundos,Ana Souza,Agressivo,7.7,152,43.7,4,1,0,10884.41,0,13.414681942033607,1734.0,0.02288329519450801,0,0,1,0.00046433407,Baixo,2026-05-11T20:10:58.511270
867,23,Masculino,Rio de Janeiro,RS,Conservador,134828.95,161489.96,106394.33,9,329,6,"Cripto, FIIs, Fundos",Fernanda Alves,Comercial,6.2,434,21.5,53,0,0,-28434.62000000001,1,-21.089402535583055,54.833333333333336,0.27906976744186046,0,1,0,0.9985507,Alto,2026-05-11T20:10:58.511270
868,35,Masculino,Porto Alegre,SP,Moderado,136756.15,106699.53,96371.86,41,342,5,Renda Fixa,Fernanda Alves,Moderado,3.8,496,36.0,37,0,1,-40384.28999999999,1,-29.53014544501289,369.0,0.1388888888888889,0,1,0,0.99677736,Alto,2026-05-11T20:10:58.511270
869,68,Masculino,Belo Horizonte,RS,Agressivo,63732.65,80381.96,93884.9,38,99,0,"FIIs, Cripto, Fundos",Carlos Silva,Conservador,2.3,436,44.7,24,1,0,30152.24999999999,0,47.31052294232233,150.48,0.0,0,0,1,0.0003054922,Baixo,2026-05-11T20:10:58.511270
870,22,Feminino,Porto Alegre,RS,Moderado,27508.77,31658.58,17049.49,17,549,3,Fundos,Bruno Martins,Agressivo,3.8,432,43.6,59,1,0,-10459.28,1,-38.021620014271804,155.55,0.06880733944954129,0,1,0,0.9943581,Alto,2026-05-11T20:10:58.511270
871,64,Masculino,São Paulo,RJ,Agressivo,126846.86,160435.99,167745.8,0,150,2,"FIIs, Ações",Mariana Costa,Moderado,7.0,326,3.2,33,1,0,40898.93999999999,0,32.242768957781045,0.0,0.625,0,1,1,0.0008753334,Baixo,2026-05-11T20:10:58.511270
872,42,Feminino,Belo Horizonte,RJ,Agressivo,26536.85,29348.97,34742.88,38,235,2,FIIs,João Pereira,Conservador,3.0,431,10.3,11,0,0,8206.029999999999,0,30.923150260863665,744.1666666666666,0.1941747572815534,0,0,1,5.30685e-05,Baixo,2026-05-11T20:10:58.511270
873,19,Feminino,São Paulo,SP,Agressivo,116120.01,106603.09,100733.26,20,499,6,"Ações, Fundos, Exterior",Patrícia Rocha,Agressivo,4.6,173,23.2,21,0,0,-15386.75,0,-13.250730860253974,453.6363636363636,0.25862068965517243,0,0,0,0.0009911234,Baixo,2026-05-11T20:10:58.511270
874,27,Masculino,Belo Horizonte,PR,Moderado,138991.0,175532.94,100360.39,0,42,9,Renda Fixa,Ana Souza,Comercial,4.2,463,21.0,8,0,1,-38630.61,0,-27.79360534135304,0.0,0.42857142857142855,0,0,0,0.0044866167,Baixo,2026-05-11T20:10:58.511270
875,73,Feminino,Belo Horizonte,SP,Agressivo,140421.69,121512.51,102657.49,14,429,3,"Fundos, Ações, FIIs",Rafael Gomes,Agressivo,7.8,316,30.9,59,0,0,-37764.2,1,-26.893423658410605,100.1,0.0970873786407767,0,1,0,0.99735296,Alto,2026-05-11T20:10:58.511270
876,47,Masculino,São Paulo,SP,Agressivo,150940.95,135741.73,185308.46,3,441,7,FIIs,Patrícia Rocha,Comercial,8.9,327,45.4,19,0,0,34367.50999999998,0,22.7688443725841,66.15,0.15418502202643172,1,0,1,9.692686e-05,Baixo,2026-05-11T20:10:58.511270
877,67,Masculino,Rio de Janeiro,MG,Moderado,174699.02,195747.64,205887.33,59,372,8,Cripto,Patrícia Rocha,Comercial,7.1,160,5.8,28,0,1,31188.31,0,17.852595853142166,756.8275862068965,1.3793103448275863,1,0,1,0.0012289651,Baixo,2026-05-11T20:10:58.511270
878,62,Masculino,Curitiba,MG,Agressivo,100491.84,116489.11,131088.7,19,349,2,Renda Fixa,João Pereira,Comercial,3.7,430,22.0,43,1,0,30596.86000000002,0,30.447108939392507,150.70454545454547,0.09090909090909091,0,1,1,0.00074586656,Baixo,2026-05-11T20:10:58.511270
879,22,Masculino,Porto Alegre,SP,Moderado,146319.59,184017.68,211246.43,9,164,4,"Exterior, Renda Fixa, Cripto",Mariana Costa,Conservador,4.6,362,9.6,28,0,0,64926.84,0,44.37330640415272,50.89655172413793,0.4166666666666667,1,0,1,0.000113621056,Baixo,2026-05-11T20:10:58.511270
880,72,Masculino,Belo Horizonte,SP,Agressivo,124215.37,102214.52,151882.43,22,554,3,Fundos,Ana Souza,Agressivo,1.9,138,43.0,44,0,1,27667.06,0,22.27345939556433,270.84444444444443,0.06976744186046512,0,1,1,0.0005816549,Baixo,2026-05-11T20:10:58.511270
881,73,Feminino,Porto Alegre,SP,Conservador,38141.35,44960.98,28234.76,40,545,9,"Fundos, Exterior, Cripto",Ana Souza,Comercial,2.1,436,46.3,26,0,1,-9906.59,0,-25.973359621513136,807.4074074074074,0.19438444924406048,0,0,0,0.003841529,Baixo,2026-05-11T20:10:58.511270
882,50,Feminino,São Paulo,RS,Conservador,6112.24,6987.07,5006.53,33,148,5,"Exterior, FIIs, Ações",Mariana Costa,Moderado,2.1,207,23.2,53,1,1,-1105.71,1,-18.090094629792024,90.44444444444444,0.21551724137931036,0,1,0,0.98967427,Alto,2026-05-11T20:10:58.511270
883,71,Feminino,Porto Alegre,MG,Agressivo,57623.74,42542.27,78251.56,59,592,9,"Ações, Cripto",Fernanda Alves,Agressivo,1.7,265,5.4,54,0,1,20627.82,0,35.797433488350464,635.0545454545454,1.6666666666666665,0,1,1,0.004881038,Baixo,2026-05-11T20:10:58.511270
884,18,Masculino,São Paulo,SP,Conservador,89163.71,83130.35,70294.48,45,580,3,"FIIs, Ações",Lucas Oliveira,Moderado,2.2,433,37.8,16,1,1,-18869.23000000001,0,-21.162454994302067,1535.2941176470588,0.07936507936507937,0,0,0,0.0022287862,Baixo,2026-05-11T20:10:58.511270
885,35,Masculino,Porto Alegre,RJ,Moderado,123804.08,107667.37,82363.15,47,349,7,FIIs,Carlos Silva,Conservador,2.4,350,33.6,4,0,1,-41440.93000000001,0,-33.47299216633249,3280.6,0.20833333333333331,0,0,0,0.0047867983,Baixo,2026-05-11T20:10:58.511270
886,49,Masculino,Curitiba,RJ,Conservador,170141.91,150183.29,209776.82,32,273,2,"Renda Fixa, FIIs, Ações",Juliana Mendes,Conservador,1.6,85,17.3,51,1,1,39634.91,0,23.295206924619574,168.0,0.11560693641618497,1,1,1,0.00032727214,Baixo,2026-05-11T20:10:58.511270
887,64,Feminino,Curitiba,RS,Agressivo,40052.9,51658.95,38541.85,33,272,4,"Exterior, Ações",Carlos Silva,Agressivo,6.6,136,42.7,44,1,1,-1511.050000000003,1,-3.7726356893009063,199.46666666666667,0.09367681498829039,0,1,0,0.9653428,Alto,2026-05-11T20:10:58.511270
888,66,Masculino,Curitiba,RS,Agressivo,25984.41,28210.4,37106.67,38,173,0,Fundos,Fernanda Alves,Conservador,9.9,167,46.9,12,1,1,11122.26,0,42.80358876726467,505.6923076923077,0.0,0,0,1,0.00014394465,Baixo,2026-05-11T20:10:58.511270
889,28,Feminino,Curitiba,PR,Moderado,192732.51,217904.47,228432.27,9,37,5,"Ações, FIIs",João Pereira,Conservador,8.9,377,27.0,41,0,1,35699.75999999998,0,18.522957024738577,7.928571428571429,0.18518518518518517,1,1,1,0.0085881725,Baixo,2026-05-11T20:10:58.511270
890,38,Feminino,Curitiba,PR,Agressivo,22500.87,28935.46,15331.58,53,381,4,"FIIs, Ações, Cripto",João Pereira,Agressivo,0.9,497,27.4,14,1,0,-7169.289999999999,0,-31.86227910298579,1346.2,0.14598540145985403,0,0,0,0.000713354,Baixo,2026-05-11T20:10:58.511270
891,43,Masculino,Curitiba,PR,Moderado,96219.72,89130.35,139814.08,19,218,7,"FIIs, Exterior, Ações",Bruno Martins,Moderado,4.5,231,14.6,14,0,1,43594.35999999999,0,45.30709505286441,276.1333333333333,0.4794520547945206,0,0,1,0.00013139815,Baixo,2026-05-11T20:10:58.511270
892,42,Masculino,São Paulo,RS,Conservador,117527.18,138811.83,97865.06,0,566,8,"Renda Fixa, Fundos",Carlos Silva,Comercial,8.7,117,28.3,17,1,1,-19662.12,0,-16.72984921445405,0.0,0.2826855123674912,0,0,0,0.0136707295,Baixo,2026-05-11T20:10:58.511270
893,39,Feminino,Belo Horizonte,RS,Conservador,108733.51,104462.3,98239.77,12,444,7,"FIIs, Exterior, Fundos",Carlos Silva,Agressivo,1.8,483,21.4,49,0,1,-10493.73999999999,1,-9.650879475885576,106.56,0.3271028037383178,0,1,0,0.9849149,Alto,2026-05-11T20:10:58.511270
894,44,Masculino,Porto Alegre,RS,Moderado,18120.4,22138.06,17432.45,0,496,7,"FIIs, Renda Fixa",Juliana Mendes,Agressivo,8.6,408,14.9,1,1,1,-687.9500000000007,0,-3.796549745038744,0.0,0.4697986577181208,0,0,0,0.0017736802,Baixo,2026-05-11T20:10:58.511270
895,66,Feminino,Curitiba,RJ,Moderado,12348.36,9982.35,7978.3,4,397,2,Ações,João Pereira,Comercial,6.1,208,3.7,22,1,1,-4370.06,0,-35.38980075086894,69.04347826086956,0.5405405405405405,0,0,0,0.001248214,Baixo,2026-05-11T20:10:58.511270
896,30,Masculino,São Paulo,RS,Agressivo,21991.2,27898.29,23021.79,15,493,3,"Cripto, FIIs, Renda Fixa",Patrícia Rocha,Moderado,9.3,334,12.5,42,0,0,1030.59,1,4.686374549819929,171.97674418604652,0.24,0,1,1,0.91729593,Alto,2026-05-11T20:10:58.511270
897,50,Masculino,São Paulo,RJ,Conservador,117531.95,97699.96,83563.65,14,33,3,"FIIs, Exterior, Cripto",Carlos Silva,Comercial,8.8,492,9.9,12,1,0,-33968.3,0,-28.901332786531665,35.53846153846154,0.30303030303030304,0,0,0,0.0018221247,Baixo,2026-05-11T20:10:58.511270
898,51,Feminino,São Paulo,PR,Moderado,109324.63,97925.6,105047.12,48,43,4,"Cripto, Renda Fixa, Exterior",Juliana Mendes,Comercial,6.9,213,26.2,42,0,0,-4277.510000000009,0,-3.912668170018055,48.0,0.15267175572519084,0,1,0,0.8333589,Alto,2026-05-11T20:10:58.511270
899,58,Masculino,Belo Horizonte,PR,Conservador,47514.42,54818.12,43506.05,27,177,8,"Renda Fixa, Ações, Cripto",Mariana Costa,Moderado,6.7,410,29.1,3,1,1,-4008.369999999995,0,-8.436112658009916,1194.75,0.274914089347079,0,0,0,0.0032306428,Baixo,2026-05-11T20:10:58.511270
900,52,Feminino,Porto Alegre,PR,Moderado,127917.05,119762.73,165723.71,30,21,8,"FIIs, Fundos",Rafael Gomes,Moderado,2.5,122,29.4,46,1,1,37806.65999999999,0,29.555606543459206,13.404255319148936,0.272108843537415,0,1,1,0.0003346443,Baixo,2026-05-11T20:10:58.511270
901,18,Masculino,Belo Horizonte,SP,Conservador,164193.43,174853.99,217203.85,22,60,9,"Cripto, FIIs",Mariana Costa,Comercial,1.6,168,18.9,53,0,0,53010.42000000001,0,32.285347836390294,24.444444444444443,0.4761904761904762,1,1,1,0.002221103,Baixo,2026-05-11T20:10:58.511270
902,38,Feminino,Rio de Janeiro,SP,Agressivo,9274.21,8965.79,6845.03,47,230,0,"FIIs, Ações",Juliana Mendes,Comercial,4.4,390,20.5,54,0,1,-2429.179999999999,1,-26.19285092746444,196.54545454545453,0.0,0,1,0,0.92935413,Alto,2026-05-11T20:10:58.511270
903,65,Feminino,São Paulo,MG,Conservador,100127.86,114688.65,93108.5,44,562,7,"Cripto, Renda Fixa, Exterior",Patrícia Rocha,Agressivo,2.3,244,40.1,24,0,1,-7019.360000000001,0,-7.010396507026117,989.12,0.17456359102244387,0,0,0,0.0022905946,Baixo,2026-05-11T20:10:58.511270
904,72,Masculino,Rio de Janeiro,MG,Conservador,138172.77,115650.44,129332.18,42,71,0,"Cripto, Fundos, FIIs",Bruno Martins,Moderado,1.5,138,23.1,10,1,0,-8840.589999999997,0,-6.398214351496316,271.09090909090907,0.0,0,0,0,0.00027918458,Baixo,2026-05-11T20:10:58.511270
905,23,Feminino,Curitiba,MG,Conservador,51210.07,37643.23,37704.41,16,201,1,"Fundos, Ações",João Pereira,Conservador,3.4,394,47.4,49,0,1,-13505.66,0,-26.373055143255996,64.32,0.02109704641350211,0,1,0,0.056924053,Baixo,2026-05-11T20:10:58.511270
906,45,Masculino,Curitiba,SP,Conservador,62246.41,54774.2,82078.62,48,27,6,Ações,Bruno Martins,Moderado,8.7,125,21.4,47,0,1,19832.20999999999,0,31.860809322176152,27.0,0.28037383177570097,0,1,1,0.0014209354,Baixo,2026-05-11T20:10:58.511270
907,34,Masculino,Belo Horizonte,SP,Conservador,123113.94,121216.16,152231.06,33,241,7,"Cripto, Ações",Bruno Martins,Comercial,0.7,270,31.4,41,1,1,29117.12,0,23.65054680241733,189.35714285714286,0.2229299363057325,0,1,1,0.0005731947,Baixo,2026-05-11T20:10:58.511270
908,22,Masculino,Porto Alegre,MG,Agressivo,179689.12,143897.21,138602.05,12,570,0,"FIIs, Fundos",Juliana Mendes,Comercial,3.3,188,2.9,11,0,1,-41087.07000000001,0,-22.86564150350339,570.0,0.0,0,0,0,0.0004714271,Baixo,2026-05-11T20:10:58.511270
909,48,Feminino,Rio de Janeiro,MG,Moderado,162174.96,148046.01,150830.78,13,142,2,"Ações, FIIs",João Pereira,Comercial,4.5,421,31.5,12,0,1,-11344.17999999999,0,-6.995025619244792,142.0,0.06349206349206349,0,0,0,0.00017303143,Baixo,2026-05-11T20:10:58.511270
910,22,Feminino,Porto Alegre,RS,Conservador,117042.91,110019.14,81371.1,10,477,6,"Fundos, Renda Fixa, Ações",Ana Souza,Comercial,5.4,444,40.9,8,1,1,-35671.81,0,-30.477548789584947,530.0,0.1466992665036675,0,0,0,0.0046683764,Baixo,2026-05-11T20:10:58.511270
911,55,Masculino,Belo Horizonte,MG,Agressivo,146314.12,107458.23,170512.42,27,557,8,"Ações, Cripto, Fundos",Rafael Gomes,Conservador,2.2,290,45.3,58,1,1,24198.30000000002,0,16.538595181381,254.89830508474577,0.17660044150110377,0,1,1,0.00062525104,Baixo,2026-05-11T20:10:58.511270
912,20,Masculino,Curitiba,RS,Conservador,73599.67,77278.5,52199.44,41,233,7,Cripto,Carlos Silva,Moderado,9.7,203,47.9,52,1,0,-21400.23,1,-29.076529826832097,180.24528301886792,0.14613778705636743,0,1,0,0.9981578,Alto,2026-05-11T20:10:58.511270
913,70,Feminino,Porto Alegre,RJ,Conservador,128552.14,158197.04,191200.84,31,321,7,"Ações, Cripto, Exterior",Bruno Martins,Conservador,6.0,102,13.9,44,1,0,62648.7,0,48.73407786132537,221.13333333333333,0.5035971223021583,1,1,1,0.00029705052,Baixo,2026-05-11T20:10:58.511270
914,40,Masculino,Porto Alegre,SP,Moderado,93770.14,74176.47,122146.28,34,565,8,Fundos,Mariana Costa,Conservador,5.5,191,27.8,37,1,1,28376.14,0,30.26138171490412,505.5263157894737,0.28776978417266186,0,1,1,0.00027557768,Baixo,2026-05-11T20:10:58.511270
915,54,Masculino,Curitiba,MG,Conservador,38797.29,41074.1,36904.55,58,205,9,"Cripto, Exterior",Ana Souza,Comercial,0.6,369,21.9,5,0,1,-1892.739999999998,0,-4.878536619439136,1981.6666666666667,0.4109589041095891,0,0,0,0.002058815,Baixo,2026-05-11T20:10:58.511270
916,70,Feminino,Rio de Janeiro,SP,Agressivo,140645.92,154547.86,157622.94,30,262,2,"FIIs, Fundos",Ana Souza,Conservador,5.1,443,27.3,42,1,0,16977.01999999999,0,12.070751856861534,182.7906976744186,0.07326007326007326,0,1,1,0.008766276,Baixo,2026-05-11T20:10:58.511270
917,54,Masculino,Curitiba,SP,Agressivo,111736.46,106328.51,158688.97,16,484,7,"Ações, Fundos",Patrícia Rocha,Comercial,8.5,80,8.0,50,1,0,46952.50999999999,0,42.02076027824758,151.84313725490196,0.875,0,1,1,0.0001028074,Baixo,2026-05-11T20:10:58.511270
918,27,Feminino,Porto Alegre,SP,Moderado,72365.69,81097.23,79507.41,46,182,0,"Cripto, Fundos",Bruno Martins,Comercial,2.6,272,41.2,58,1,0,7141.720000000001,1,9.868930980966258,141.89830508474577,0.0,0,1,1,0.9663657,Alto,2026-05-11T20:10:58.511270
919,27,Masculino,Rio de Janeiro,RJ,Conservador,182356.5,172589.29,138052.74,8,127,7,"Fundos, FIIs, Cripto",Bruno Martins,Comercial,3.8,341,43.7,42,0,0,-44303.76000000001,1,-24.295136175568192,23.627906976744185,0.16018306636155605,0,1,0,0.99516714,Alto,2026-05-11T20:10:58.511270
920,36,Feminino,Rio de Janeiro,PR,Agressivo,5165.89,5180.26,4860.24,9,346,6,"Cripto, Renda Fixa",Lucas Oliveira,Conservador,0.7,315,21.9,9,0,0,-305.6500000000005,0,-5.916695864604173,311.4,0.27397260273972607,0,0,0,0.00056208274,Baixo,2026-05-11T20:10:58.511270
921,34,Masculino,Curitiba,MG,Conservador,63838.86,44968.85,86746.18,7,175,7,Renda Fixa,Juliana Mendes,Comercial,9.8,331,13.8,22,0,0,22907.31999999999,0,35.88303425217805,53.26086956521739,0.5072463768115941,0,0,1,3.5594723e-05,Baixo,2026-05-11T20:10:58.511270
922,38,Masculino,Porto Alegre,PR,Conservador,12319.4,13736.53,14534.33,20,63,0,FIIs,Patrícia Rocha,Conservador,1.1,325,7.2,14,0,0,2214.93,0,17.97920353263958,84.0,0.0,0,0,1,9.9175144e-05,Baixo,2026-05-11T20:10:58.511270
923,31,Feminino,Belo Horizonte,PR,Conservador,153538.94,168402.37,182043.74,12,469,5,"Cripto, Renda Fixa",Ana Souza,Moderado,9.0,430,33.0,44,1,1,28504.79999999999,0,18.56519264754595,125.06666666666666,0.15151515151515152,0,1,1,0.00063651055,Baixo,2026-05-11T20:10:58.511270
924,26,Masculino,Porto Alegre,PR,Moderado,140719.38,101745.81,194212.35,58,264,6,"Ações, Exterior, Cripto",Ana Souza,Comercial,3.5,93,15.3,22,1,0,53492.97,0,38.01393240930993,665.7391304347826,0.39215686274509803,1,0,1,0.00013402135,Baixo,2026-05-11T20:10:58.511270
925,63,Feminino,São Paulo,SP,Conservador,66939.09,61647.56,94021.02,49,377,4,Cripto,Lucas Oliveira,Agressivo,6.1,111,43.7,39,1,0,27081.93000000001,0,40.457571203910916,461.825,0.09153318077803203,0,1,1,0.00073466107,Baixo,2026-05-11T20:10:58.511270
926,18,Masculino,Belo Horizonte,RS,Agressivo,135456.92,174389.83,193407.19,4,99,4,Exterior,Carlos Silva,Agressivo,7.0,250,32.4,36,0,0,57950.26999999999,0,42.7813285581866,10.702702702702704,0.1234567901234568,1,1,1,0.0032856055,Baixo,2026-05-11T20:10:58.511270
927,68,Feminino,Rio de Janeiro,SP,Conservador,79791.51,75996.78,54686.25,5,129,6,"Exterior, Fundos",Fernanda Alves,Agressivo,1.8,384,31.2,33,1,1,-25105.25999999999,1,-31.463573004195556,18.970588235294116,0.19230769230769232,0,1,0,0.992941,Alto,2026-05-11T20:10:58.511270
928,62,Feminino,Belo Horizonte,SP,Agressivo,151494.5,151671.33,165085.59,29,45,2,"Exterior, FIIs",Mariana Costa,Agressivo,4.7,58,27.1,15,0,1,13591.09,0,8.971342193941032,81.5625,0.07380073800738007,0,0,1,5.187177e-05,Baixo,2026-05-11T20:10:58.511270
929,30,Feminino,Rio de Janeiro,PR,Conservador,91382.55,113858.83,115732.21,30,258,5,Fundos,Fernanda Alves,Agressivo,3.6,120,2.7,44,0,1,24349.66,0,26.645853064945115,172.0,1.8518518518518516,0,1,1,0.0041776514,Baixo,2026-05-11T20:10:58.511270
930,21,Feminino,Rio de Janeiro,SP,Agressivo,83043.67,93869.0,106398.39,16,11,6,"Cripto, Renda Fixa",Bruno Martins,Conservador,1.0,139,44.8,50,0,0,23354.72,0,28.123419882575035,3.450980392156863,0.13392857142857142,0,1,1,0.0026572365,Baixo,2026-05-11T20:10:58.511270
931,18,Masculino,Belo Horizonte,PR,Agressivo,187011.25,196220.07,214323.23,10,475,0,"Fundos, Ações, Exterior",João Pereira,Moderado,8.4,73,30.3,40,1,0,27311.98000000001,0,14.604458287937227,115.85365853658537,0.0,1,1,1,0.03116539,Baixo,2026-05-11T20:10:58.511270
932,66,Masculino,Rio de Janeiro,RS,Conservador,50924.94,60024.35,38199.24,19,515,1,"Exterior, FIIs",Patrícia Rocha,Conservador,0.9,189,47.7,46,1,0,-12725.7,1,-24.989131062304644,208.19148936170214,0.020964360587002094,0,1,0,0.9841197,Alto,2026-05-11T20:10:58.511270
933,57,Feminino,Rio de Janeiro,MG,Conservador,24969.02,30427.74,32901.14,47,585,3,"Fundos, Ações",Bruno Martins,Comercial,6.7,365,26.0,31,1,1,7932.119999999999,0,31.767846715650027,859.21875,0.11538461538461539,0,1,1,0.0016645556,Baixo,2026-05-11T20:10:58.511270
934,49,Feminino,São Paulo,PR,Agressivo,117324.08,114289.24,146432.21,8,73,7,"Renda Fixa, Cripto, Ações",Carlos Silva,Moderado,3.5,389,34.2,37,1,1,29108.12999999999,0,24.810021949458278,15.368421052631579,0.2046783625730994,0,1,1,0.0025480264,Baixo,2026-05-11T20:10:58.511270
935,51,Feminino,Porto Alegre,RS,Moderado,193895.04,190999.22,131368.19,1,85,9,"Cripto, Exterior",Fernanda Alves,Moderado,2.3,425,3.2,39,0,1,-62526.85000000001,1,-32.24778209901605,2.125,2.8125,0,1,0,0.9937178,Alto,2026-05-11T20:10:58.511270
936,45,Masculino,Porto Alegre,MG,Conservador,76190.0,70980.93,77517.9,36,546,5,"Renda Fixa, Fundos",Bruno Martins,Moderado,6.8,127,30.5,55,1,1,1327.899999999994,0,1.7428796429977613,351.0,0.16393442622950818,0,1,1,0.95291156,Alto,2026-05-11T20:10:58.511270
937,48,Masculino,São Paulo,RJ,Moderado,13345.32,17082.33,10096.8,0,589,0,"Exterior, Renda Fixa, Cripto",Mariana Costa,Moderado,6.0,263,36.8,45,0,1,-3248.52,1,-24.342016527142103,0.0,0.0,0,1,0,0.9864906,Alto,2026-05-11T20:10:58.511270
938,25,Masculino,Belo Horizonte,PR,Conservador,68521.75,76627.86,61925.12,3,266,9,"Exterior, Renda Fixa",Ana Souza,Agressivo,3.5,65,37.5,4,0,1,-6596.629999999997,0,-9.627060021088191,159.6,0.24,0,0,0,0.0020674644,Baixo,2026-05-11T20:10:58.511270
939,56,Masculino,Curitiba,PR,Conservador,101680.4,76253.57,62662.88,35,93,4,Renda Fixa,Juliana Mendes,Comercial,5.4,78,37.1,16,0,0,-39017.52,0,-38.37270506410281,191.47058823529412,0.10781671159029649,0,0,0,0.0012765226,Baixo,2026-05-11T20:10:58.511270
940,43,Feminino,Curitiba,RJ,Conservador,33222.68,40457.77,31903.64,53,212,6,FIIs,Rafael Gomes,Moderado,2.8,465,11.2,21,0,1,-1319.040000000001,0,-3.970299807240117,510.72727272727275,0.5357142857142857,0,0,0,0.00088535727,Baixo,2026-05-11T20:10:58.511270
941,51,Feminino,Curitiba,RJ,Conservador,131962.34,130423.13,144484.14,57,217,5,"Fundos, FIIs, Ações",Bruno Martins,Moderado,8.7,424,46.8,38,0,1,12521.80000000002,0,9.488919338653753,317.15384615384613,0.10683760683760685,0,1,1,0.020127546,Baixo,2026-05-11T20:10:58.511270
942,71,Feminino,São Paulo,PR,Moderado,199552.13,147918.48,231006.4,24,270,8,"Ações, Renda Fixa, Cripto",Carlos Silva,Agressivo,3.5,340,47.8,40,0,1,31454.26999999999,0,15.762432603450533,158.0487804878049,0.1673640167364017,1,1,1,0.00087240036,Baixo,2026-05-11T20:10:58.511270
943,71,Masculino,São Paulo,RJ,Conservador,90896.16,93607.62,108815.55,2,297,7,"Fundos, Exterior",Patrícia Rocha,Conservador,2.8,92,4.1,47,0,1,17919.39,0,19.71413313829759,12.375,1.707317073170732,0,1,1,0.0078066275,Baixo,2026-05-11T20:10:58.511270
944,20,Masculino,Rio de Janeiro,SP,Agressivo,71590.98,68032.81,96838.41,8,211,3,"Renda Fixa, Exterior",João Pereira,Conservador,7.6,401,45.0,17,1,0,25247.43000000001,0,35.26621649822367,93.77777777777777,0.06666666666666667,0,0,1,0.00019075241,Baixo,2026-05-11T20:10:58.511270
945,67,Masculino,Curitiba,MG,Agressivo,80740.13,99039.85,64100.93,21,337,4,Ações,Mariana Costa,Conservador,0.7,424,14.2,27,1,0,-16639.2,0,-20.608339372255163,252.75,0.28169014084507044,0,0,0,0.0011584013,Baixo,2026-05-11T20:10:58.511270
946,29,Feminino,Belo Horizonte,MG,Moderado,23914.09,19666.87,16941.55,22,81,6,"Cripto, Fundos, Renda Fixa",Lucas Oliveira,Comercial,3.0,102,33.2,12,0,1,-6972.540000000001,0,-29.156618545802914,137.07692307692307,0.18072289156626503,0,0,0,0.001115952,Baixo,2026-05-11T20:10:58.511270
947,18,Feminino,Belo Horizonte,MG,Conservador,176771.45,211397.22,241537.58,11,292,7,"Fundos, Exterior, Renda Fixa",Carlos Silva,Conservador,4.1,325,16.6,49,1,0,64766.12999999998,0,36.63834289982911,64.24,0.4216867469879518,1,1,1,0.0018145501,Baixo,2026-05-11T20:10:58.511270
948,71,Masculino,Curitiba,SP,Agressivo,83550.31,86442.25,61906.73,9,51,4,Fundos,Fernanda Alves,Moderado,8.9,420,46.5,41,1,0,-21643.57999999999,1,-25.90484703168665,10.928571428571429,0.08602150537634409,0,1,0,0.9751152,Alto,2026-05-11T20:10:58.511270
949,61,Feminino,Curitiba,RJ,Moderado,78067.61,57205.3,115328.04,33,204,8,FIIs,Juliana Mendes,Agressivo,9.5,281,5.3,0,1,0,37260.42999999999,0,47.728411309120375,6732.0,1.509433962264151,0,0,1,6.814684e-05,Baixo,2026-05-11T20:10:58.511270
950,22,Masculino,Curitiba,RS,Conservador,132278.36,169727.31,179671.63,42,431,9,FIIs,Fernanda Alves,Agressivo,7.3,261,24.1,52,1,0,47393.27000000002,0,35.828437848791005,341.54716981132077,0.37344398340248963,0,1,1,0.0059817303,Baixo,2026-05-11T20:10:58.511270
951,47,Masculino,São Paulo,RJ,Agressivo,88964.65,89638.04,93483.07,9,214,3,Cripto,Ana Souza,Conservador,5.2,57,20.8,49,0,0,4518.420000000013,0,5.078893695417239,38.52,0.14423076923076922,0,1,1,0.013825771,Baixo,2026-05-11T20:10:58.511270
952,47,Feminino,São Paulo,PR,Agressivo,129998.46,113687.05,192824.02,29,424,3,"Renda Fixa, FIIs",Juliana Mendes,Agressivo,6.6,171,16.0,18,1,0,62825.55999999998,0,48.32792634620439,647.1578947368421,0.1875,1,0,1,0.00013386642,Baixo,2026-05-11T20:10:58.511270
953,74,Masculino,São Paulo,MG,Moderado,13227.81,12985.0,9095.96,21,158,7,"Renda Fixa, FIIs, Cripto",Fernanda Alves,Moderado,4.4,91,31.2,33,0,0,-4131.85,1,-31.236085187192742,97.58823529411765,0.22435897435897437,0,1,0,0.9925794,Alto,2026-05-11T20:10:58.511270
954,34,Feminino,Porto Alegre,RJ,Conservador,162930.95,197914.62,142199.48,5,526,0,Renda Fixa,Patrícia Rocha,Conservador,3.3,382,6.7,58,0,1,-20731.47,1,-12.724083423069713,44.57627118644068,0.0,0,1,0,0.99780947,Alto,2026-05-11T20:10:58.511270
955,65,Masculino,Belo Horizonte,RS,Conservador,188160.29,166134.6,220975.82,49,419,7,"Fundos, FIIs, Exterior",Fernanda Alves,Moderado,9.5,282,34.5,3,1,0,32815.53,0,17.44019952350201,5132.75,0.2028985507246377,1,0,1,0.00016007149,Baixo,2026-05-11T20:10:58.511270
956,64,Feminino,Belo Horizonte,PR,Agressivo,130104.31,106113.83,119046.25,1,357,4,"Cripto, FIIs",Mariana Costa,Comercial,1.6,119,47.1,42,1,1,-11058.06,0,-8.499380228064696,8.30232558139535,0.08492569002123142,0,1,0,0.018895114,Baixo,2026-05-11T20:10:58.511270
957,40,Feminino,Rio de Janeiro,SP,Agressivo,190958.62,148459.39,274127.84,29,161,0,Ações,Mariana Costa,Moderado,3.8,416,38.7,2,0,0,83169.22000000003,0,43.553530078924965,1556.3333333333333,0.0,1,0,1,5.3669242e-05,Baixo,2026-05-11T20:10:58.511270
958,32,Feminino,São Paulo,SP,Agressivo,31135.03,27358.84,20519.96,1,265,3,Renda Fixa,Rafael Gomes,Moderado,9.0,65,41.4,40,0,0,-10615.07,1,-34.09365592389023,6.463414634146342,0.07246376811594203,0,1,0,0.9916903,Alto,2026-05-11T20:10:58.511270
959,54,Masculino,Porto Alegre,RS,Conservador,96005.82,112137.57,105075.55,31,81,1,Cripto,Fernanda Alves,Moderado,7.4,118,17.6,9,1,0,9069.729999999996,0,9.447062688491172,251.1,0.056818181818181816,0,0,1,0.0010904917,Baixo,2026-05-11T20:10:58.511270
960,38,Masculino,Porto Alegre,PR,Moderado,120759.54,118703.71,136673.19,41,492,3,"FIIs, Renda Fixa, Fundos",Patrícia Rocha,Moderado,0.8,102,15.9,27,1,1,15913.65000000001,0,13.17796507008888,720.4285714285714,0.18867924528301885,0,0,1,0.00042934695,Baixo,2026-05-11T20:10:58.511270
961,31,Feminino,Belo Horizonte,MG,Moderado,116765.59,97673.13,138653.92,15,135,7,"FIIs, Renda Fixa",Patrícia Rocha,Comercial,0.7,222,25.1,33,0,0,21888.33000000002,0,18.745531110663695,59.55882352941177,0.2788844621513944,0,1,1,0.00075404596,Baixo,2026-05-11T20:10:58.511270
962,19,Feminino,São Paulo,RJ,Conservador,80890.89,64689.33,67147.5,11,583,4,Cripto,Bruno Martins,Conservador,5.4,484,2.7,38,1,1,-13743.39,0,-16.99003435368309,164.43589743589743,1.4814814814814814,0,1,0,0.060385663,Baixo,2026-05-11T20:10:58.511270
963,28,Masculino,Rio de Janeiro,PR,Moderado,68278.8,61426.18,63370.22,0,459,0,"Cripto, Renda Fixa",João Pereira,Moderado,5.1,311,45.4,46,0,0,-4908.580000000002,0,-7.18902499751021,0.0,0.0,0,1,0,0.035087835,Baixo,2026-05-11T20:10:58.511270
964,68,Masculino,São Paulo,SP,Agressivo,26237.98,33163.62,35665.61,52,167,6,"FIIs, Renda Fixa",Juliana Mendes,Conservador,4.7,428,7.3,58,0,0,9427.630000000001,0,35.93123403554695,147.1864406779661,0.8219178082191781,0,1,1,0.00072286016,Baixo,2026-05-11T20:10:58.511270
965,56,Masculino,Curitiba,RS,Moderado,78956.75,71520.29,61226.89,7,19,0,"FIIs, Fundos",Carlos Silva,Agressivo,3.4,338,43.4,18,0,1,-17729.86,0,-22.455154245837118,7.0,0.0,0,0,0,0.0009301189,Baixo,2026-05-11T20:10:58.511270
966,55,Feminino,São Paulo,RS,Moderado,33369.5,43142.57,44854.65,47,236,8,"FIIs, Cripto, Fundos",Lucas Oliveira,Moderado,9.9,64,4.5,41,0,0,11485.15,0,34.41810635460526,264.0952380952381,1.7777777777777777,0,1,1,0.000688888,Baixo,2026-05-11T20:10:58.511270
967,51,Masculino,Curitiba,RJ,Moderado,147138.77,145834.87,162792.85,49,199,2,"Exterior, FIIs",Juliana Mendes,Moderado,3.1,319,39.6,55,1,0,15654.08000000002,0,10.638990661672663,174.125,0.050505050505050504,0,1,1,0.0061712,Baixo,2026-05-11T20:10:58.511270
968,55,Masculino,Curitiba,RS,Agressivo,42557.36,34365.0,54727.44,12,546,2,Exterior,Juliana Mendes,Agressivo,5.2,216,7.7,51,0,0,12170.08,0,28.596886648983872,126.0,0.2597402597402597,0,1,1,0.00022547353,Baixo,2026-05-11T20:10:58.511270
969,67,Feminino,Rio de Janeiro,RS,Conservador,12654.5,15624.31,15720.01,14,363,5,"FIIs, Renda Fixa, Fundos",Ana Souza,Conservador,4.3,112,2.3,45,0,1,3065.51,0,24.224663163301592,110.47826086956522,2.173913043478261,0,1,1,0.0018167322,Baixo,2026-05-11T20:10:58.511270
970,51,Masculino,Belo Horizonte,PR,Agressivo,110920.86,108282.41,87268.13,52,335,9,"Cripto, Renda Fixa",Juliana Mendes,Comercial,2.1,310,34.7,35,1,0,-23652.73,1,-21.32396917946723,483.8888888888889,0.25936599423631124,0,1,0,0.9984577,Alto,2026-05-11T20:10:58.511270
971,35,Masculino,São Paulo,MG,Conservador,119450.72,134477.96,132821.01,43,431,5,"Cripto, Exterior",Ana Souza,Moderado,2.4,170,13.8,56,1,0,13370.29000000001,1,11.19314308025938,325.140350877193,0.36231884057971014,0,1,1,0.9787804,Alto,2026-05-11T20:10:58.511270
972,47,Masculino,Curitiba,RJ,Conservador,174510.7,225158.41,240990.7,7,501,5,"FIIs, Cripto, Fundos",Bruno Martins,Agressivo,9.2,395,34.4,42,0,0,66480.0,0,38.095085287033974,81.55813953488372,0.14534883720930233,1,1,1,0.0018567691,Baixo,2026-05-11T20:10:58.511270
973,32,Feminino,São Paulo,PR,Conservador,115819.34,84560.3,114534.28,9,490,0,"Ações, Fundos, Cripto",João Pereira,Agressivo,8.7,289,26.9,2,1,1,-1285.059999999998,0,-1.1095383551658968,1470.0,0.0,0,0,0,0.00019159199,Baixo,2026-05-11T20:10:58.511270
974,44,Feminino,Belo Horizonte,MG,Moderado,69750.69,52872.19,102528.75,45,453,4,"Ações, Renda Fixa",Patrícia Rocha,Moderado,2.4,156,5.7,22,1,0,32778.06,0,46.99316952993583,886.304347826087,0.7017543859649122,0,0,1,0.00027936377,Baixo,2026-05-11T20:10:58.511270
975,68,Feminino,Belo Horizonte,PR,Moderado,160799.36,182068.94,161923.92,4,417,5,Cripto,Rafael Gomes,Conservador,8.8,229,44.8,16,0,1,1124.560000000027,0,0.6993560173373992,98.11764705882354,0.11160714285714286,0,0,1,0.0007793152,Baixo,2026-05-11T20:10:58.511270
976,51,Feminino,Porto Alegre,PR,Conservador,108515.5,94310.28,79054.31,49,334,7,"Ações, Renda Fixa",Patrícia Rocha,Conservador,2.5,65,22.0,6,1,0,-29461.19,0,-27.149292036621496,2338.0,0.3181818181818182,0,0,0,0.0022949283,Baixo,2026-05-11T20:10:58.511270
977,69,Feminino,Belo Horizonte,RS,Conservador,16776.78,13598.94,15946.18,18,151,0,"Cripto, Fundos, Exterior",Fernanda Alves,Moderado,6.5,404,35.4,25,1,0,-830.5999999999985,0,-4.9508904569291525,104.53846153846153,0.0,0,0,0,0.00029636058,Baixo,2026-05-11T20:10:58.511270
978,74,Feminino,Rio de Janeiro,MG,Moderado,113604.26,82205.99,165468.26,46,263,4,"Ações, FIIs, Renda Fixa",Lucas Oliveira,Agressivo,1.3,471,24.3,42,1,1,51864.00000000001,0,45.653217581805485,281.3488372093023,0.1646090534979424,0,1,1,0.00040220236,Baixo,2026-05-11T20:10:58.511270
979,55,Feminino,Curitiba,RJ,Agressivo,181695.69,129568.66,161300.12,37,296,2,"Ações, Fundos",João Pereira,Moderado,8.9,358,29.2,17,1,1,-20395.57000000001,0,-11.225125923460268,608.4444444444445,0.0684931506849315,0,0,0,0.000116922245,Baixo,2026-05-11T20:10:58.511270
980,50,Masculino,Porto Alegre,RJ,Conservador,79866.21,93019.48,110318.26,58,147,1,Exterior,João Pereira,Comercial,1.0,264,14.9,59,1,1,30452.04999999999,0,38.128828199059384,142.1,0.06711409395973154,0,1,1,0.0034900845,Baixo,2026-05-11T20:10:58.511270
981,41,Masculino,Rio de Janeiro,MG,Agressivo,59968.83,46815.27,83544.11,10,369,7,"Exterior, Ações",Bruno Martins,Comercial,5.8,126,10.0,45,0,1,23575.28,0,39.312556206282494,80.21739130434783,0.7,0,1,1,8.7160304e-05,Baixo,2026-05-11T20:10:58.511270
982,32,Feminino,São Paulo,RS,Moderado,29550.42,28978.1,27043.59,52,94,6,"Exterior, Cripto, Renda Fixa",Lucas Oliveira,Conservador,7.9,274,26.3,45,1,1,-2506.829999999998,1,-8.483229679984237,106.26086956521739,0.22813688212927757,0,1,0,0.64669687,Médio,2026-05-11T20:10:58.511270
983,47,Masculino,Curitiba,SP,Conservador,31137.66,33116.09,21015.8,42,168,9,"Exterior, Renda Fixa",Fernanda Alves,Comercial,1.6,142,21.4,5,0,0,-10121.86,0,-32.50681008142552,1176.0,0.42056074766355145,0,0,0,0.0029512602,Baixo,2026-05-11T20:10:58.511270
984,72,Masculino,Belo Horizonte,PR,Agressivo,87121.53,83376.27,109085.05,19,485,6,"Ações, FIIs, Fundos",Fernanda Alves,Agressivo,4.3,230,19.0,30,0,0,21963.52,0,25.210209233010488,297.258064516129,0.3157894736842105,0,0,1,0.0005522062,Baixo,2026-05-11T20:10:58.511270
985,59,Feminino,Curitiba,RS,Agressivo,119540.29,85622.41,105238.62,19,88,4,"Cripto, FIIs",Rafael Gomes,Comercial,0.9,223,32.4,28,1,1,-14301.67,0,-11.963891002774044,57.6551724137931,0.1234567901234568,0,0,0,0.00047218375,Baixo,2026-05-11T20:10:58.511270
986,68,Masculino,São Paulo,MG,Agressivo,17042.47,19941.41,22234.14,20,81,8,"Exterior, Fundos, Renda Fixa",Carlos Silva,Moderado,7.0,403,33.3,8,1,0,5191.669999999998,0,30.46313122452319,180.0,0.24024024024024027,0,0,1,0.00025763622,Baixo,2026-05-11T20:10:58.511270
987,34,Masculino,Porto Alegre,PR,Moderado,187974.15,132767.63,187671.39,17,521,4,Exterior,Patrícia Rocha,Agressivo,3.4,403,2.7,53,1,0,-302.7599999999802,0,-0.16106469958767214,164.0185185185185,1.4814814814814814,1,1,0,0.010481339,Baixo,2026-05-11T20:10:58.511270
988,22,Masculino,Porto Alegre,RJ,Moderado,151271.59,175041.49,156829.32,56,489,1,FIIs,Juliana Mendes,Conservador,5.8,268,16.6,34,1,1,5557.73000000001,1,3.674007789565781,782.4,0.06024096385542168,0,1,1,0.97289926,Alto,2026-05-11T20:10:58.511270
989,46,Masculino,Porto Alegre,SP,Agressivo,117738.16,145522.33,153073.56,49,594,2,"FIIs, Fundos",Lucas Oliveira,Conservador,9.4,192,20.1,16,1,1,35335.39999999999,0,30.01185002381555,1712.1176470588234,0.09950248756218905,0,0,1,0.00021350002,Baixo,2026-05-11T20:10:58.511270
990,21,Masculino,Belo Horizonte,RJ,Agressivo,165859.3,159175.83,156592.24,9,108,3,Cripto,Fernanda Alves,Comercial,3.4,364,5.1,59,1,1,-9267.059999999998,1,-5.587302008389037,16.2,0.5882352941176471,0,1,0,0.84548444,Alto,2026-05-11T20:10:58.511270
991,27,Feminino,Rio de Janeiro,MG,Moderado,16957.16,17318.78,16937.06,33,456,4,Ações,Fernanda Alves,Conservador,1.0,483,11.7,11,1,0,-20.09999999999854,0,-0.11853399979712725,1254.0,0.3418803418803419,0,0,0,0.0015896639,Baixo,2026-05-11T20:10:58.511270
992,73,Feminino,Rio de Janeiro,PR,Agressivo,95890.94,94566.69,90000.5,25,491,2,"Cripto, Exterior",Carlos Silva,Moderado,6.9,442,3.0,35,1,1,-5890.440000000002,1,-6.142853537570914,340.97222222222223,0.6666666666666666,0,1,0,0.9884129,Alto,2026-05-11T20:10:58.511270
993,34,Feminino,Curitiba,MG,Agressivo,126388.53,117986.87,117617.98,29,343,6,"FIIs, Exterior, Renda Fixa",João Pereira,Agressivo,8.0,331,47.8,51,1,0,-8770.550000000003,1,-6.939355968456951,191.28846153846155,0.12552301255230125,0,1,0,0.9580756,Alto,2026-05-11T20:10:58.511270
994,27,Masculino,Belo Horizonte,PR,Moderado,165901.93,204466.62,178071.15,8,570,4,"Exterior, Renda Fixa, Cripto",Fernanda Alves,Moderado,9.6,308,35.5,47,1,1,12169.22,1,7.335188927579084,95.0,0.11267605633802817,0,1,1,0.96154314,Alto,2026-05-11T20:10:58.511270
995,34,Feminino,Porto Alegre,RS,Agressivo,156910.44,193997.81,208364.43,45,482,4,"FIIs, Exterior, Cripto",Rafael Gomes,Moderado,2.0,405,4.7,23,1,1,51453.98999999999,0,32.791948069229804,903.75,0.851063829787234,1,0,1,0.0004851216,Baixo,2026-05-11T20:10:58.511270
996,37,Masculino,Porto Alegre,SP,Agressivo,56136.78,50606.74,51959.73,50,227,5,FIIs,Fernanda Alves,Moderado,4.2,96,1.5,9,1,1,-4177.049999999996,0,-7.440843596658012,1135.0,3.3333333333333335,0,0,0,0.0013436346,Baixo,2026-05-11T20:10:58.511270
997,41,Masculino,São Paulo,RS,Agressivo,188235.15,201231.25,201755.94,30,13,6,"Fundos, Ações",Fernanda Alves,Moderado,8.5,54,34.7,57,0,1,13520.79000000001,0,7.182925186927101,6.724137931034483,0.17291066282420747,1,1,1,0.71812564,Alto,2026-05-11T20:10:58.511270
998,22,Masculino,São Paulo,RS,Moderado,25744.82,32339.22,30987.87,41,57,9,Cripto,Carlos Silva,Agressivo,8.2,111,21.4,29,1,0,5243.049999999999,0,20.36545604125412,77.9,0.42056074766355145,0,0,1,0.0013457855,Baixo,2026-05-11T20:10:58.511270
999,51,Masculino,Porto Alegre,MG,Agressivo,175151.59,223709.76,147564.43,54,81,9,"Renda Fixa, FIIs",Rafael Gomes,Agressivo,6.4,133,37.9,28,0,0,-27587.16,0,-15.750447940552526,150.82758620689654,0.237467018469657,0,0,0,0.0099962605,Baixo,2026-05-11T20:10:58.511270
1000,23,Feminino,Porto Alegre,SP,Moderado,194217.11,195261.11,165039.98,3,507,7,Exterior,Mariana Costa,Moderado,3.1,182,44.4,38,0,0,-29177.12999999998,1,-15.022945197773756,39.0,0.15765765765765766,0,1,0,0.97688246,Alto,2026-05-11T20:10:58.511270
